column1,column2,column3,column4,column5,column6,column7,column8,column9,column10,column11,column12,column13,column14,column15,column16,column17,column18,column19,column20
40,2,69,38,14,2,0,4,3,3,0,2,3,3,3,0,0,2,2,2
93,2,60,0,11,0,0,0,2,1,1,0,3,2,1,0,2,1,0,4
22,2,65,98,11,4,1,3,3,1,0,2,3,3,0,4,1,3,3,3
94,1,31,86,11,0,0,0,2,0,2,3,0,1,0,0,0,4,0,4
50,4,10,65,19,2,0,3,2,0,3,4,1,0,2,1,2,3,3,4
56,2,31,86,9,3,2,0,3,2,4,0,3,3,1,0,0,4,2,3
22,1,29,45,5,0,1,3,1,2,2,2,0,4,0,4,0,4,1,3
8,4,74,4,11,0,0,4,0,3,1,2,1,2,2,1,0,2,0,3
70,0,36,0,0,3,3,3,1,2,2,3,3,4,0,0,0,3,0,4
86,4,63,97,15,2,0,2,2,0,3,1,1,1,0,0,0,1,2,3
75,4,0,42,9,0,3,0,2,0,2,0,4,0,2,2,1,3,3,0
96,1,12,0,1,3,0,4,2,0,5,0,0,0,1,0,2,3,1,1
10,0,18,79,10,1,3,3,2,0,3,3,0,1,2,0,4,3,0,1
52,3,63,97,15,3,2,2,2,4,5,2,0,4,3,0,1,2,3,1
69,5,5,29,7,0,3,0,3,3,2,3,0,1,4,2,3,1,2,3
5,6,75,57,2,4,1,3,0,0,3,3,2,0,0,4,2,0,4,0
80,6,23,0,15,0,3,3,0,0,3,3,2,1,0,2,0,3,2,3
80,6,52,83,14,0,1,3,3,0,1,3,0,1,1,4,1,4,2,0
50,4,31,86,13,0,3,4,3,0,3,0,4,1,2,2,0,1,4,1
54,0,57,18,1,2,3,0,0,0,5,4,3,4,4,2,0,1,2,4
28,3,35,49,15,2,0,2,3,0,2,1,0,4,4,4,2,0,1,4
92,1,23,37,15,1,0,2,0,1,0,3,2,3,3,1,0,1,2,4
67,1,62,75,2,4,1,3,2,3,3,3,1,0,0,4,1,2,2,3
84,5,49,87,0,3,3,2,3,3,3,2,1,1,2,2,3,0,1,3
90,2,53,69,4,0,2,2,0,0,3,0,2,1,0,3,3,1,0,0
81,2,47,63,16,0,1,3,0,0,3,2,3,1,2,0,2,2,0,3
41,5,22,62,16,2,2,0,1,2,3,1,3,3,2,0,3,3,1,2
73,6,65,98,13,0,3,2,3,3,3,3,0,4,2,0,0,3,0,3
5,6,51,95,13,2,0,2,1,2,1,3,2,0,1,0,0,0,0,4
76,3,84,89,4,2,1,3,1,3,0,2,0,1,0,0,1,0,1,4
70,0,65,98,18,2,2,2,2,3,2,0,3,1,0,0,0,1,3,4
35,6,52,83,15,3,2,3,0,3,5,3,0,0,3,2,0,4,0,4
74,2,30,61,13,3,0,3,3,3,3,2,1,1,2,1,3,3,0,0
38,0,67,36,17,3,1,2,3,1,0,4,1,3,3,0,1,0,0,4
18,3,91,24,19,1,2,3,2,0,3,2,4,1,2,0,1,1,0,3
78,0,26,74,12,2,0,3,1,3,0,3,3,0,0,2,1,2,0,3
7,0,21,35,15,0,3,4,2,2,0,4,0,3,3,2,0,4,3,1
1,2,39,68,0,2,0,2,2,0,3,0,1,2,0,2,0,2,2,3
0,4,71,81,15,4,1,4,0,2,0,4,1,3,0,4,2,1,1,1
67,1,98,99,7,2,3,3,3,2,5,2,2,0,3,2,1,1,2,1
6,3,29,45,15,1,2,0,0,3,1,2,0,0,2,3,0,0,0,0
0,4,52,83,7,3,1,3,2,0,3,1,1,1,2,4,1,0,3,2
17,1,46,10,12,2,2,4,2,2,0,3,2,3,0,3,2,0,1,4
41,5,39,0,0,1,2,2,1,2,1,2,0,0,1,1,3,3,2,3
10,6,95,55,15,0,3,3,0,1,4,2,0,0,4,0,1,0,2,1
70,0,67,36,7,2,3,3,2,2,4,4,3,0,4,2,0,0,3,0
44,1,76,66,13,2,0,3,2,3,3,1,1,2,0,1,0,0,0,4
99,0,89,76,11,1,0,3,2,1,1,3,3,0,1,0,2,4,0,3
19,1,96,52,5,0,1,0,0,4,0,3,3,0,3,4,1,2,0,0
8,0,96,52,13,2,0,2,2,0,3,4,3,4,1,0,0,0,1,0
84,5,81,33,1,3,1,3,2,3,3,2,3,1,0,0,2,3,0,1
69,5,91,24,9,3,2,4,3,4,1,4,0,2,1,1,3,1,1,3
8,4,69,38,11,3,3,2,0,2,3,0,0,0,2,0,0,1,1,4
17,1,71,81,12,1,1,1,3,3,5,3,2,0,4,0,2,1,1,2
44,4,24,80,4,2,1,2,2,2,0,2,1,0,0,4,0,2,0,1
41,5,3,72,12,1,1,3,3,1,0,4,3,3,3,4,3,4,0,3
72,1,32,11,2,0,1,2,1,1,2,0,2,4,1,0,3,0,3,4
91,5,34,90,8,1,2,3,3,2,5,3,3,4,3,4,3,0,2,3
71,5,47,63,7,1,0,4,2,0,5,2,3,4,1,1,2,2,1,2
10,0,41,44,13,3,0,3,1,3,0,2,3,0,0,1,2,0,0,1
23,3,68,32,6,0,0,3,2,0,3,0,4,1,0,1,2,3,1,4
93,2,33,46,1,2,2,0,2,3,1,2,2,2,2,3,3,4,4,4
88,0,31,86,15,4,1,2,0,0,3,2,3,1,0,0,0,2,4,4
47,3,34,0,16,3,0,4,3,3,0,0,4,3,3,2,0,3,0,1
76,3,94,82,9,2,2,3,3,1,0,0,4,3,0,0,0,0,3,1
9,1,71,81,10,2,3,3,2,0,3,2,0,4,0,0,1,1,0,1
7,2,19,15,19,0,1,3,3,3,3,2,2,2,3,0,1,0,1,0
67,1,94,82,17,2,0,0,2,3,1,3,2,2,2,1,0,0,2,0
8,4,46,10,11,1,0,0,3,3,2,1,1,1,0,0,0,0,2,4
32,2,51,95,5,3,1,2,1,0,4,0,1,2,4,4,1,2,0,0
22,2,37,5,12,4,2,3,2,0,3,0,2,1,2,0,3,4,3,1
30,6,46,10,1,4,3,0,0,0,5,0,4,4,3,2,0,0,1,1
72,1,51,95,5,4,2,2,1,2,1,2,1,0,2,0,0,2,1,3
64,2,85,0,13,2,0,0,3,3,2,2,1,4,4,0,2,1,0,0
89,3,68,32,3,1,3,2,1,4,1,2,0,0,1,2,3,4,1,4
72,1,14,78,19,0,2,3,2,2,1,0,2,2,1,2,3,0,3,4
50,2,88,77,5,0,2,1,3,1,1,0,3,0,2,4,3,4,1,1
75,4,64,9,9,0,1,4,3,2,3,1,1,2,0,4,1,1,4,4
86,1,68,32,13,0,3,2,2,3,2,3,2,0,0,0,0,4,2,2
0,4,32,11,12,3,3,2,2,1,5,1,0,4,3,0,1,0,2,4
69,5,55,39,12,1,1,1,2,0,4,3,0,1,4,4,1,1,0,4
4,1,34,90,14,4,2,3,2,0,3,1,2,0,2,3,0,3,0,2
8,4,98,99,7,2,3,2,2,1,5,1,1,0,1,2,0,0,2,1
94,6,94,82,11,0,0,4,1,0,2,0,2,4,2,1,0,4,1,3
92,1,78,7,7,2,3,4,3,2,3,3,0,4,0,0,0,4,1,4
90,6,56,71,9,4,1,3,3,1,0,4,2,1,3,0,1,1,0,0
51,2,72,20,9,1,0,2,3,1,4,2,1,2,4,3,0,2,0,4
80,6,86,30,15,0,3,0,1,2,3,2,2,2,0,0,0,3,2,4
90,6,6,43,7,4,2,2,2,3,2,4,0,4,0,0,1,1,1,3
4,1,84,1,9,0,3,1,1,1,0,1,4,0,3,0,0,0,1,3
8,4,33,46,18,3,3,4,3,3,1,1,0,2,1,2,0,2,0,3
8,4,35,49,15,2,0,4,2,3,2,1,1,0,2,2,0,2,2,1
73,6,72,20,19,0,1,2,2,2,0,3,0,3,3,4,2,2,4,4
60,3,21,35,6,2,2,3,0,2,0,2,4,3,0,0,3,0,1,3
6,3,45,34,13,2,0,4,1,3,0,0,0,1,3,0,0,4,4,4
44,4,81,33,5,1,0,4,2,1,4,1,0,0,1,1,2,0,0,0
29,0,47,0,2,0,1,3,1,1,0,0,0,3,3,0,3,1,0,3
44,4,7,8,7,3,1,4,0,4,1,2,1,0,2,4,2,4,3,3
14,5,73,28,9,1,0,3,0,3,5,3,0,4,1,1,2,0,4,2
70,0,31,86,14,1,3,0,1,0,0,4,3,0,3,2,2,4,4,2
94,6,82,14,18,1,3,0,0,3,1,3,2,2,1,0,4,4,3,1
14,5,69,38,15,0,3,4,2,3,2,2,3,0,1,0,1,2,2,4
9,0,25,13,15,0,3,4,1,2,4,2,3,0,4,2,0,1,0,1
23,1,24,80,9,2,2,0,3,4,0,2,2,0,0,1,3,2,4,3
78,0,78,7,1,3,0,3,2,3,3,4,4,1,2,2,0,2,1,2
93,2,29,45,1,3,0,3,3,3,3,0,2,0,2,1,0,0,2,1
23,1,51,95,8,4,1,0,3,1,2,3,2,4,2,0,1,0,1,3
63,6,81,33,14,2,0,2,2,3,2,3,2,1,0,1,0,2,1,4
66,4,70,54,14,2,0,3,1,3,0,0,1,3,0,0,2,4,2,3
26,5,5,29,6,2,2,2,1,3,4,4,0,0,2,1,1,0,0,2
8,4,73,28,18,2,2,2,3,3,3,0,0,1,0,0,0,0,1,1
28,3,24,80,0,0,1,4,2,0,5,0,4,0,1,4,1,0,0,2
69,5,16,27,0,1,1,2,1,4,1,3,1,2,2,4,1,0,1,0
84,5,74,0,11,3,3,4,3,0,5,2,3,4,4,0,0,3,0,2
22,2,31,86,6,1,3,2,3,1,4,2,0,1,1,0,0,4,4,4
15,0,31,0,4,2,1,2,1,0,4,4,0,3,4,4,2,1,0,4
73,0,53,69,12,4,3,2,2,4,5,4,0,0,1,0,0,0,4,0
35,6,34,90,15,2,0,3,3,0,1,3,2,0,2,1,2,0,2,4
89,3,49,87,9,0,3,3,1,3,0,0,0,3,3,2,0,0,2,1
15,0,2,88,7,1,0,0,3,3,1,4,1,2,1,0,0,0,3,2
3,0,68,32,11,2,1,2,0,2,3,4,3,3,2,0,0,2,2,4
35,6,6,43,7,2,2,3,1,1,5,0,0,4,3,0,0,1,4,3
6,3,10,65,16,3,2,2,2,3,0,2,4,3,0,0,1,1,3,1
71,5,46,10,9,1,0,3,2,4,2,1,1,1,2,0,2,0,2,2
80,6,66,94,12,2,0,2,1,3,4,3,2,3,4,0,2,0,0,1
14,5,31,86,14,1,3,2,3,0,2,4,3,1,0,0,1,4,4,2
20,2,42,31,5,0,1,4,1,0,2,0,2,4,0,4,3,0,4,3
5,6,60,47,0,1,2,3,1,3,0,2,0,3,3,0,3,3,0,3
91,5,45,34,18,3,3,0,3,3,1,1,3,2,2,0,0,1,0,0
15,0,16,27,10,2,3,3,3,1,0,0,1,1,3,2,4,1,0,3
43,6,93,73,6,1,3,2,3,0,2,2,3,1,4,0,4,3,1,2
1,2,8,60,5,2,1,4,3,0,1,0,1,3,2,4,2,3,4,4
44,4,24,1,15,3,2,2,2,3,2,1,1,4,1,0,3,1,2,0
35,6,94,82,5,0,1,3,2,3,3,3,2,4,2,0,1,2,3,1
90,6,95,55,14,1,3,3,3,1,0,4,3,3,0,2,0,2,0,3
28,3,91,24,7,2,3,3,2,0,3,2,0,2,0,0,0,0,1,0
95,0,94,82,1,4,3,3,3,2,5,4,0,4,3,2,0,0,2,1
22,2,36,67,7,3,1,2,1,0,4,2,1,1,4,0,1,1,4,2
95,3,39,68,12,2,0,2,3,3,3,2,4,1,2,2,2,1,0,0
8,4,39,2,0,2,0,4,0,3,1,1,0,4,1,1,0,0,0,3
79,5,78,7,13,1,1,0,3,2,4,2,3,0,2,0,1,4,1,0
14,5,19,15,14,0,3,2,0,2,3,2,0,2,2,0,2,4,1,2
68,3,37,5,12,4,2,2,2,0,3,1,0,0,0,2,1,2,1,2
14,5,0,42,13,2,0,3,3,0,1,2,3,4,1,1,3,3,1,4
68,0,35,49,6,0,0,3,2,3,3,4,1,1,2,1,0,2,2,4
90,6,58,21,13,1,1,4,1,2,4,3,0,1,4,4,2,0,2,1
70,0,30,61,4,2,1,4,2,2,0,4,0,3,3,4,1,1,0,1
30,6,1,16,13,0,0,0,2,1,1,3,0,1,1,1,2,1,3,3
7,0,62,75,15,0,3,2,3,4,0,4,1,3,0,0,0,2,0,2
9,1,87,19,15,1,3,0,1,1,0,1,3,1,3,2,0,0,4,2
10,6,3,72,1,3,0,3,1,1,5,3,0,4,1,0,2,0,3,1
91,5,96,52,18,3,3,0,3,3,2,2,0,4,0,2,4,0,0,2
93,2,12,96,0,2,0,0,1,0,3,0,2,3,2,1,2,1,4,0
95,0,60,47,7,0,3,3,3,0,1,0,1,2,1,0,1,0,0,3
86,4,31,86,9,3,2,2,2,3,2,0,0,4,2,1,0,4,4,4
11,3,27,4,15,1,3,0,1,3,0,0,0,3,1,2,1,2,3,1
95,2,63,97,6,2,2,3,2,3,3,2,2,2,0,2,3,3,1,4
76,3,78,7,0,1,2,3,3,4,5,0,0,0,0,1,1,4,2,4
68,3,47,63,5,3,1,4,0,0,4,0,0,3,4,4,0,2,0,0
85,2,85,0,5,3,1,2,3,2,1,2,2,0,2,0,0,3,0,3
27,6,33,46,8,3,0,4,3,1,4,3,0,0,2,1,2,3,4,0
4,1,13,1,15,2,0,3,2,0,3,1,0,0,3,0,2,3,2,3
34,5,94,82,12,4,2,3,1,3,0,2,3,1,0,0,3,0,3,1
50,4,69,38,5,1,2,3,2,1,1,1,0,0,1,1,3,2,2,2
16,4,30,61,5,3,1,2,2,3,2,0,0,4,2,0,1,3,0,3
43,6,94,82,3,0,3,2,3,1,4,1,0,0,4,0,0,1,2,3
53,5,48,40,18,1,1,3,2,1,1,2,0,4,2,4,1,0,2,3
99,4,0,42,12,1,1,2,2,0,3,1,0,2,2,0,1,3,0,4
71,5,1,16,12,2,1,3,2,2,4,1,3,0,4,4,1,1,3,3
75,4,26,74,6,2,0,3,1,3,0,1,0,3,0,1,0,1,1,2
29,0,85,0,10,0,1,3,2,1,1,2,0,3,1,4,2,1,2,3
82,4,1,16,12,2,0,3,3,0,1,0,1,2,1,1,0,1,3,3
57,4,3,72,7,2,3,1,1,1,0,1,1,1,3,2,1,0,3,0
54,0,69,38,6,2,2,4,3,3,4,4,4,4,4,0,1,1,0,3
69,0,12,96,4,3,1,0,2,4,3,4,3,1,2,4,2,1,0,2
29,0,39,68,13,4,2,3,0,0,3,0,3,1,0,2,1,1,0,1
44,4,50,56,4,2,1,3,2,3,3,1,1,3,2,4,1,0,0,0
0,4,35,49,18,2,2,2,3,3,3,1,0,1,2,0,3,0,4,1
41,5,42,1,13,1,1,4,0,1,2,3,4,3,1,0,1,4,2,0
55,5,93,73,4,1,0,0,3,3,2,3,3,0,0,3,0,0,1,4
90,6,78,7,12,2,0,3,1,3,0,3,2,0,2,1,0,4,2,0
81,2,85,1,6,1,3,3,3,4,5,2,2,4,3,2,4,2,0,1
45,1,36,67,9,0,3,0,2,2,5,3,0,0,1,0,4,1,3,3
91,5,78,7,13,3,0,2,2,0,3,1,0,0,2,1,2,3,2,1
67,1,16,27,13,3,0,3,0,0,3,3,0,0,0,1,2,1,0,1
58,0,41,44,13,0,3,2,2,0,3,4,0,1,2,3,0,0,4,3
49,1,46,0,4,0,2,2,1,0,4,0,1,4,1,0,3,1,0,3
92,1,58,21,0,1,2,0,2,0,1,3,0,2,1,0,0,1,0,0
22,2,87,19,8,2,3,3,2,3,3,0,3,1,2,2,1,4,4,4
79,5,53,69,11,1,0,2,3,1,4,2,1,0,4,1,0,2,1,3
93,2,25,2,15,1,3,0,2,1,0,0,2,3,0,0,0,4,1,1
74,2,68,32,16,3,0,0,0,0,0,2,1,0,0,1,0,2,0,1
86,0,40,58,15,2,0,2,1,4,1,4,3,1,2,1,0,3,1,0
47,2,56,71,9,2,2,1,1,1,0,2,3,3,3,0,3,1,1,2
84,5,98,99,16,1,3,3,2,2,4,2,3,3,1,2,0,1,2,3
50,4,10,65,12,2,0,2,0,1,2,1,1,4,0,3,0,3,3,2
35,6,5,0,0,2,3,1,0,0,1,3,0,0,1,2,0,1,1,3
69,1,50,56,18,2,2,3,2,1,1,3,2,2,2,0,1,3,1,3
74,2,15,17,16,0,1,2,0,0,1,2,2,0,1,0,1,4,1,3
36,3,16,1,5,4,2,1,3,2,2,0,0,4,4,0,3,4,2,0
32,2,63,97,7,1,0,1,2,0,4,2,2,2,4,0,2,2,3,3
55,2,51,95,15,1,3,4,2,0,5,0,0,4,1,2,0,2,0,4
66,4,8,60,9,2,2,3,1,2,2,0,0,1,1,4,1,2,0,4
11,3,42,31,8,3,0,3,2,0,3,2,4,1,0,1,2,0,4,2
8,4,3,72,12,2,0,1,2,2,2,1,1,4,0,1,2,2,1,1
35,0,57,18,4,2,3,3,2,2,4,4,0,1,4,2,0,1,3,1
19,5,68,32,9,1,0,0,0,0,5,2,3,0,3,0,4,2,1,1
96,4,46,10,4,0,2,2,3,2,1,2,0,2,2,0,3,0,1,2
43,6,47,63,18,3,3,2,2,0,3,4,3,4,1,2,4,2,0,3
43,6,97,85,0,3,3,3,1,0,1,3,2,2,2,0,0,1,0,4
20,2,53,69,11,2,2,4,1,3,2,0,2,4,2,1,3,0,0,4
22,2,53,69,9,2,2,0,2,2,5,2,1,4,1,0,0,4,1,0
62,6,76,66,18,0,2,0,1,2,3,4,2,0,0,1,0,0,1,3
65,0,47,63,19,3,1,3,2,0,3,3,3,4,2,0,2,0,1,2
70,0,53,69,5,4,2,3,2,4,2,0,0,1,0,2,3,2,4,4
72,1,59,53,0,1,2,0,0,3,1,1,3,4,1,4,0,0,3,1
6,3,86,30,8,2,3,0,3,0,1,4,0,0,1,0,4,1,0,0
92,1,66,94,13,4,2,4,3,3,0,2,2,0,3,1,3,2,2,3
89,3,78,7,12,0,2,2,2,2,0,1,4,1,0,4,1,0,1,2
44,4,43,92,9,3,2,2,2,3,2,3,0,4,0,4,1,3,0,3
25,3,8,60,19,4,3,0,3,2,4,0,4,1,3,0,0,4,2,2
92,0,27,3,5,4,2,2,3,0,2,4,3,1,2,0,3,1,0,3
84,1,98,99,3,3,2,4,2,3,2,3,0,1,1,0,3,0,0,4
50,4,56,71,4,1,0,2,2,2,0,1,4,3,3,1,2,0,0,4
0,1,34,2,9,0,3,0,3,2,4,3,0,2,4,0,4,0,1,4
14,5,0,42,15,4,1,3,2,3,3,1,3,3,2,4,2,3,1,0
96,4,52,83,16,2,2,4,2,0,1,1,3,2,2,0,3,4,0,4
91,5,39,68,13,0,3,2,3,3,3,2,3,4,0,0,1,0,0,2
35,6,85,0,12,3,3,3,2,3,3,4,2,1,2,0,2,1,0,3
16,4,46,0,1,3,0,3,3,1,0,2,1,3,3,1,0,1,0,4
0,4,72,20,14,0,1,3,2,1,1,1,1,2,2,0,2,1,4,1
33,1,45,34,11,3,3,3,2,3,3,3,0,0,2,2,1,4,4,2
14,5,2,88,15,3,2,3,3,0,1,1,3,4,1,0,3,0,3,0
64,2,13,1,19,3,1,3,3,3,3,0,3,1,2,4,2,2,1,1
47,3,0,42,15,2,0,4,2,1,4,0,0,0,0,2,2,3,0,2
74,2,51,95,6,2,2,2,0,2,3,0,3,1,0,0,1,0,2,3
56,2,84,89,5,3,1,3,2,3,3,1,1,1,2,0,2,0,1,0
44,4,69,2,18,2,2,2,1,3,4,1,1,2,3,4,0,4,1,0
5,6,50,56,12,4,2,0,1,2,3,3,0,1,2,0,1,3,0,4
34,5,65,98,13,1,1,2,3,0,2,2,3,1,0,0,1,4,3,2
72,1,86,30,5,3,1,3,0,2,0,3,2,1,3,4,1,3,0,2
29,0,71,81,11,0,0,0,1,2,3,4,1,0,2,1,2,0,1,1
14,5,85,0,1,2,3,1,1,2,4,2,1,3,2,0,4,1,1,2
1,2,54,25,19,4,3,2,3,3,3,2,4,4,2,0,0,1,3,0
94,6,22,62,1,1,1,3,3,2,5,0,2,4,3,4,1,0,1,3
15,2,96,52,3,4,2,3,3,3,3,2,0,4,2,2,3,2,1,1
64,2,56,71,16,0,1,3,2,0,3,2,2,2,2,4,1,1,1,4
39,2,11,12,13,2,0,4,2,3,2,0,2,4,0,1,0,3,0,1
44,4,61,51,15,3,2,2,2,2,0,2,1,3,0,1,3,3,1,1
81,2,61,51,12,4,2,3,0,3,4,0,2,2,4,0,3,4,2,3
48,5,46,10,15,1,3,2,3,4,0,1,3,3,3,2,4,0,3,2
59,3,0,2,13,2,0,2,3,2,1,2,0,2,1,0,0,0,1,3
88,0,99,91,9,1,0,4,2,3,2,4,3,4,0,1,3,4,2,3
81,5,35,49,5,3,1,3,2,3,3,2,1,1,2,4,1,2,1,4
43,6,80,93,5,4,2,2,3,3,3,2,2,3,0,1,3,1,4,4
60,3,7,0,15,0,0,2,1,0,1,0,4,2,3,2,2,3,1,1
79,5,88,77,9,2,2,3,3,0,1,1,3,2,2,3,3,0,0,4
54,0,49,87,15,4,1,2,2,1,5,4,0,4,4,4,1,4,3,0
79,5,88,77,6,4,1,3,0,3,5,2,1,0,4,0,2,0,0,4
69,5,65,98,13,0,3,3,2,3,1,3,1,2,2,0,0,3,3,4
55,2,82,1,15,2,0,2,3,3,3,0,2,0,0,1,2,0,2,3
19,6,71,81,6,2,2,2,0,1,0,2,2,3,3,0,3,1,0,2
52,3,22,62,8,0,1,2,3,3,3,1,4,0,0,2,1,1,2,4
70,0,10,65,19,2,0,0,3,0,0,4,3,3,0,2,0,3,3,2
20,2,56,71,7,2,3,3,2,4,2,2,1,4,1,0,0,1,0,0
75,0,94,82,1,4,3,3,0,0,3,0,3,0,0,0,0,1,3,1
81,2,63,97,5,3,1,4,0,0,4,0,2,0,4,4,1,1,2,4
76,3,57,18,4,3,3,3,3,2,5,0,4,4,3,0,1,1,0,1
6,3,82,14,9,1,0,0,2,0,2,0,2,1,0,1,2,0,0,4
39,1,56,71,12,0,0,4,0,0,4,3,4,1,4,1,2,1,0,1
36,3,26,74,12,3,3,2,2,3,3,0,0,0,0,0,0,1,1,4
0,4,25,3,16,1,3,4,2,2,0,4,0,3,3,2,4,0,0,0
69,5,60,47,5,2,1,2,0,1,0,1,3,3,3,0,2,2,1,4
80,6,70,54,17,3,1,2,2,0,3,0,3,1,0,0,1,3,2,3
4,1,39,0,4,0,2,4,2,2,0,3,0,3,3,1,3,1,0,3
77,1,86,30,5,3,1,0,3,2,4,3,0,0,4,4,2,0,1,3
73,6,19,15,16,2,2,3,2,2,4,1,2,0,4,1,3,1,1,4
95,0,42,2,16,4,3,4,2,3,2,3,0,4,1,0,0,4,0,3
97,3,19,3,15,0,3,2,2,4,5,0,4,0,3,2,2,4,3,4
94,6,8,60,6,0,0,3,3,3,3,4,0,1,0,1,0,4,0,3
69,5,41,44,9,2,2,3,0,0,3,2,3,1,0,0,0,0,2,1
76,3,99,91,5,0,1,3,0,2,2,0,4,4,1,4,1,0,0,3
94,6,64,9,13,3,0,3,2,0,3,3,0,1,2,1,2,3,4,3
0,6,51,3,4,0,2,2,2,2,0,3,2,3,0,1,3,1,0,3
43,6,70,54,14,0,1,0,3,3,2,2,2,4,0,0,1,4,2,3
90,6,67,36,12,2,0,0,1,3,0,4,2,1,0,1,2,2,1,3
19,6,46,10,9,4,1,3,3,0,1,3,0,4,0,4,2,0,1,3
16,4,85,0,19,3,1,3,1,0,1,2,1,2,1,0,1,1,0,3
69,5,4,59,18,3,3,4,0,2,1,2,3,2,1,0,0,1,3,2
63,6,4,59,13,4,2,0,1,3,0,0,0,1,0,2,0,0,3,1
91,5,94,82,11,3,2,2,1,3,4,3,3,0,4,1,3,0,2,3
72,1,58,21,17,2,1,3,2,3,3,3,0,3,0,0,2,0,3,3
4,1,86,30,6,0,0,2,2,3,2,3,4,4,2,1,0,1,2,4
32,2,74,2,12,0,2,2,0,3,5,0,1,0,1,4,2,1,2,4
99,4,36,67,15,0,0,4,1,3,0,1,0,1,2,2,2,2,3,4
67,1,78,7,13,2,0,4,3,2,3,2,1,1,2,1,0,1,2,3
84,5,65,98,12,1,1,3,2,2,1,2,0,2,2,0,2,0,0,2
42,1,61,51,6,2,2,3,3,4,5,3,0,4,3,2,3,4,0,3
67,1,72,20,0,1,2,0,3,3,2,3,0,4,2,2,3,1,0,3
72,1,90,48,15,2,1,4,3,1,4,3,0,0,1,4,0,1,1,4
64,2,76,66,13,0,3,2,2,2,0,0,3,3,3,0,0,4,0,3
50,4,98,99,12,0,2,2,3,1,4,1,1,4,2,0,4,0,2,2
95,3,21,35,10,1,0,3,3,3,3,0,0,1,0,3,0,2,2,1
74,2,35,49,9,0,3,4,2,0,5,0,1,0,1,2,3,0,1,3
76,3,39,68,13,1,0,3,1,3,0,4,4,3,3,1,0,1,2,4
55,2,91,24,5,0,1,3,0,2,0,2,2,3,0,4,2,1,0,3
83,3,36,67,5,3,1,4,2,0,5,1,4,3,1,0,1,1,4,3
9,1,18,2,11,3,3,2,2,3,2,2,0,1,0,2,4,0,2,4
26,5,88,77,12,1,1,2,3,2,2,2,3,1,0,0,1,0,1,3
0,4,80,93,17,1,0,3,2,1,1,1,0,2,1,1,0,1,1,3
5,6,5,29,12,2,0,4,0,1,2,3,2,4,4,1,0,2,4,4
33,1,84,89,19,3,1,2,3,3,3,0,0,1,0,4,3,3,0,4
71,4,82,14,14,3,1,3,2,1,0,1,1,0,3,0,3,4,1,4
10,6,39,68,11,3,3,0,2,3,1,2,2,2,2,2,0,1,2,3
32,0,19,15,19,2,0,2,0,1,0,0,1,0,4,0,0,2,2,4
95,3,88,77,18,1,3,2,0,1,0,2,0,0,4,2,2,3,1,4
59,3,29,45,13,1,1,2,1,0,4,0,4,2,4,0,3,0,1,3
40,2,46,10,9,4,1,2,3,1,4,0,1,0,0,0,1,1,1,0
10,6,54,25,0,0,1,2,2,3,2,3,0,4,2,0,1,3,4,3
27,6,94,82,11,1,0,0,1,2,3,2,2,2,2,1,2,4,3,2
58,0,33,46,14,1,3,0,3,3,2,4,3,1,1,0,0,1,4,4
8,4,95,55,7,0,3,3,1,4,4,0,0,1,1,0,0,2,1,3
90,6,76,66,4,1,0,3,3,4,5,2,0,0,1,1,0,4,1,3
14,5,68,32,5,1,2,2,2,3,2,1,0,4,0,0,1,2,0,3
95,0,1,16,10,2,3,0,2,0,3,3,0,1,2,0,2,1,3,3
52,3,63,0,5,0,0,3,2,3,3,4,3,1,0,0,2,1,0,3
98,0,69,38,19,4,3,4,1,0,2,3,3,1,0,0,0,2,2,4
47,3,8,0,16,3,0,0,1,3,0,4,4,1,0,2,0,1,1,1
45,3,6,43,10,4,1,3,2,0,3,2,0,4,2,0,1,1,4,0
72,1,93,73,10,0,0,2,3,2,1,2,0,0,1,1,0,0,0,3
0,4,25,13,18,3,3,1,0,3,5,0,1,0,3,0,4,2,3,1
12,2,27,3,18,0,2,2,2,0,3,0,2,2,1,1,3,4,0,1
72,1,71,81,14,0,1,3,3,4,5,1,2,0,1,0,1,1,2,4
69,5,86,30,19,1,2,2,3,3,3,2,3,1,0,0,3,1,2,2
61,5,43,92,8,2,3,3,3,0,1,2,3,3,1,2,0,0,3,1
95,0,98,99,0,2,0,3,2,1,1,0,3,2,1,1,0,1,0,1
1,2,17,23,16,2,2,3,2,3,3,2,1,0,2,0,3,0,3,4
6,3,47,63,15,2,0,0,3,0,0,1,0,0,3,1,2,2,1,4
96,1,16,27,18,1,3,3,3,1,0,1,1,3,3,0,2,0,0,0
38,2,39,68,0,3,3,2,3,1,4,0,3,2,4,2,2,0,0,0
72,1,49,87,1,2,3,3,0,3,5,1,1,0,3,0,0,2,0,0
75,4,66,94,12,3,3,4,2,3,2,1,0,0,0,2,0,2,1,4
92,1,20,22,15,0,3,3,2,3,3,2,0,2,2,2,0,4,1,3
75,4,39,68,12,4,2,0,1,1,5,3,1,4,3,2,1,0,2,1
73,6,1,16,5,2,0,2,2,2,0,3,2,0,0,0,2,1,0,4
78,0,56,71,12,1,1,2,3,3,3,4,3,2,2,4,4,0,1,0
92,1,70,54,14,4,2,0,3,1,2,4,4,1,0,0,3,0,4,4
93,2,16,27,7,4,2,0,0,3,1,0,2,2,2,2,3,1,0,0
39,1,66,94,15,2,1,0,2,3,1,2,2,2,2,0,2,2,0,2
5,6,46,10,9,4,1,0,3,0,0,3,0,3,3,0,1,0,1,2
39,3,58,21,15,2,0,2,3,0,2,2,4,4,0,1,0,1,2,4
22,2,46,10,18,2,2,3,2,0,3,0,1,1,2,0,0,0,1,4
99,4,35,49,13,3,0,2,0,1,0,0,0,3,3,1,2,2,2,4
66,4,69,38,18,2,2,4,0,1,2,1,0,4,0,0,2,1,2,4
8,4,95,55,12,1,1,4,0,0,4,4,3,0,3,4,0,2,2,0
48,5,34,90,5,0,1,4,0,2,0,4,3,0,3,4,2,0,2,1
29,0,14,78,5,2,0,3,3,3,3,4,0,4,2,1,2,1,3,3
41,5,13,1,2,2,0,4,0,3,1,1,3,2,2,4,0,2,1,3
72,1,99,91,4,2,1,3,3,0,1,3,0,2,2,4,1,4,0,2
52,3,10,65,5,0,1,0,1,3,0,4,0,0,3,4,1,0,1,0
83,1,9,70,12,2,0,3,2,1,1,2,0,2,2,1,1,1,0,2
46,0,53,69,12,0,2,2,0,1,0,4,1,3,3,3,1,1,3,4
29,0,63,97,10,2,3,3,1,0,1,0,0,3,2,2,0,3,1,1
14,5,95,55,15,4,1,3,2,0,3,2,3,4,1,4,1,2,2,3
36,0,85,0,11,2,2,3,3,3,3,4,3,3,2,4,3,3,0,2
95,0,74,4,13,0,3,4,3,2,3,2,0,1,2,2,0,2,4,3
84,5,89,76,12,4,2,3,2,2,4,2,3,0,1,0,3,1,3,1
65,0,46,10,16,2,2,4,3,0,1,4,0,0,2,0,0,1,2,0
41,0,3,3,4,4,3,3,0,4,2,4,1,1,0,2,0,1,3,0
62,0,9,0,19,0,1,2,2,2,0,1,3,3,0,4,1,1,0,4
29,0,38,41,10,1,3,4,0,0,4,2,0,0,4,2,0,2,3,3
79,5,89,76,6,2,2,4,2,3,2,2,3,0,0,0,3,2,0,3
86,0,5,29,11,3,3,0,2,0,2,4,3,4,0,2,2,1,4,3
23,1,60,47,13,4,2,0,1,4,4,1,1,0,1,0,0,0,0,0
70,0,12,96,4,0,3,3,3,1,0,1,3,3,3,2,0,1,4,3
5,6,16,27,9,1,0,1,1,0,0,3,3,3,0,1,2,0,0,3
22,2,18,79,2,2,2,4,2,2,1,2,0,0,2,1,3,0,4,2
68,3,82,14,15,2,0,0,2,0,2,0,1,4,0,1,0,0,3,1
92,1,7,8,5,1,2,3,2,3,0,1,2,3,0,4,3,1,1,4
10,6,89,76,1,0,0,3,1,4,4,3,2,3,1,0,2,4,0,1
12,2,63,97,7,2,3,4,3,2,3,0,2,0,2,2,0,3,1,2
83,3,94,82,15,2,0,0,3,1,2,2,3,4,0,1,2,0,2,3
75,5,83,2,13,0,3,4,3,1,4,2,1,1,4,0,4,4,0,3
95,0,2,88,13,2,0,1,3,0,5,4,0,0,3,1,2,2,1,4
65,0,86,30,11,1,0,0,0,0,5,4,3,4,2,1,0,0,2,3
63,6,3,72,14,3,1,0,2,3,1,0,0,3,1,4,2,2,1,3
74,0,52,83,4,3,3,3,1,0,1,4,1,0,2,0,4,0,2,4
14,5,24,80,16,4,3,0,3,1,2,3,1,1,2,2,4,0,4,1
64,3,87,0,5,4,1,3,0,0,3,2,4,0,2,4,1,1,0,4
21,4,56,71,12,4,3,1,3,3,5,3,0,4,4,2,4,0,0,0
36,3,33,46,19,2,0,3,0,3,5,4,4,0,3,0,0,4,0,1
84,5,75,57,10,3,2,1,3,2,2,4,1,1,0,0,3,0,4,1
66,4,91,24,12,1,0,3,3,2,5,1,1,4,2,0,1,3,0,1
14,5,26,74,5,2,1,2,0,0,3,2,0,1,2,0,1,1,0,3
67,1,76,66,13,3,0,0,1,0,3,3,0,4,0,1,2,4,0,3
16,4,41,44,12,0,2,0,2,2,1,1,1,2,1,2,0,0,0,2
69,5,67,36,16,4,3,4,2,1,4,2,1,1,1,2,2,2,3,0
32,2,43,92,19,4,3,3,1,0,1,2,1,3,1,2,0,0,3,3
43,6,76,66,15,0,3,2,1,1,2,3,0,1,0,2,2,3,0,4
84,1,45,34,0,2,0,3,1,0,1,1,0,2,2,2,0,0,4,4
86,4,53,69,14,0,1,4,1,1,5,0,0,0,4,0,2,0,1,4
18,3,81,33,6,2,2,4,2,3,0,0,0,3,0,1,0,3,4,3
35,6,25,13,11,2,2,1,3,0,5,4,0,4,1,0,3,0,3,1
82,4,78,7,13,1,0,3,2,0,3,3,1,3,0,0,0,4,2,2
69,5,53,69,12,4,2,3,3,1,0,2,0,0,0,2,3,0,1,2
50,4,9,70,14,1,0,4,0,2,0,1,0,3,0,1,2,4,4,3
49,2,21,35,18,0,2,2,1,3,4,2,2,0,4,0,3,4,3,3
37,4,0,42,9,2,3,0,2,3,1,4,1,2,0,2,2,1,3,2
74,2,10,65,8,3,0,3,1,0,1,2,2,0,1,1,2,1,3,3
39,1,23,37,2,1,2,2,3,3,3,3,0,4,2,2,3,1,2,3
94,6,73,28,17,2,1,0,3,0,0,1,3,3,3,4,0,2,4,0
59,3,65,98,16,1,3,1,3,3,5,0,0,4,3,0,4,2,3,4
87,1,62,75,18,2,1,2,2,1,0,3,0,0,0,0,1,2,1,2
41,5,62,75,14,2,0,3,3,1,2,4,3,4,0,1,0,4,2,4
72,1,76,66,13,2,0,3,3,3,3,2,0,1,0,1,2,4,1,1
61,5,81,0,15,3,2,1,0,3,5,2,3,4,4,2,3,3,1,2
79,0,99,0,9,2,2,3,3,1,0,2,0,3,0,3,0,1,0,1
96,4,35,49,12,3,3,4,2,2,0,1,1,0,3,2,0,0,1,0
5,6,56,71,19,3,1,3,1,2,2,3,2,1,2,0,2,1,1,4
82,4,25,13,11,0,2,2,0,2,3,1,1,1,2,0,0,2,3,4
73,6,79,6,6,1,3,3,2,0,3,2,0,0,2,0,0,4,1,2
96,4,17,23,5,3,1,3,2,3,3,1,1,0,0,4,1,0,1,2
76,3,53,0,5,3,1,2,2,3,2,2,0,4,0,0,0,1,0,4
73,6,46,10,14,0,1,3,2,3,3,3,0,2,2,4,1,0,2,1
35,6,54,25,15,4,1,0,0,2,4,2,0,3,0,4,1,3,0,3
59,3,28,50,18,0,2,3,3,0,1,0,3,0,1,0,2,1,2,3
47,3,15,17,13,4,2,0,3,0,0,0,4,0,3,1,3,2,1,4
38,5,61,3,3,0,3,3,1,2,2,3,0,4,2,0,4,1,3,1
44,4,34,90,11,2,2,0,3,1,2,0,1,1,0,1,0,0,2,1
48,5,87,19,14,3,1,3,1,1,5,2,3,0,1,0,1,0,4,1
32,2,16,27,5,4,2,2,2,0,3,0,3,1,2,4,0,2,1,4
96,4,18,79,15,3,1,2,1,3,4,2,1,1,3,0,4,0,4,3
84,5,1,0,8,2,3,3,0,2,0,2,1,1,0,2,2,1,1,4
94,6,6,43,9,1,0,3,2,0,3,3,2,3,2,1,2,4,4,0
8,4,36,67,15,1,3,3,2,1,1,4,4,2,1,2,4,2,2,1
59,1,74,4,14,2,0,2,2,3,2,1,0,1,0,0,0,2,3,1
16,4,15,17,18,1,3,0,2,1,1,1,0,2,2,0,0,0,0,1
58,2,6,43,5,0,1,4,1,2,4,0,2,0,0,0,0,3,3,3
32,2,97,85,9,3,2,3,3,3,3,2,2,1,0,1,1,2,1,4
33,1,84,89,13,1,1,3,1,3,0,3,0,0,0,4,1,3,1,1
22,2,6,43,18,4,0,3,3,2,5,4,2,4,3,0,2,3,4,2
40,2,3,72,19,1,2,3,1,3,0,0,2,3,0,0,3,0,3,3
79,5,52,83,11,3,3,3,3,0,2,2,3,4,2,0,0,4,0,4
36,1,36,67,18,1,2,0,1,3,0,1,1,3,0,0,3,2,4,1
95,0,45,34,13,1,1,3,3,3,3,4,3,4,2,0,1,0,0,3
69,5,7,0,2,1,2,2,3,0,2,3,1,4,0,1,3,3,0,2
47,3,96,1,6,4,1,3,2,3,3,0,4,0,0,4,3,0,2,4
32,0,33,46,16,0,3,2,3,3,3,4,0,2,1,2,3,2,4,0
94,6,13,1,13,2,0,2,0,3,5,3,0,4,4,1,0,4,0,1
73,6,69,38,10,3,0,3,3,1,0,4,0,0,3,0,2,2,2,1
8,4,32,11,15,1,3,2,1,2,1,1,3,2,2,0,0,2,2,4
43,1,91,24,1,3,0,2,0,3,5,1,1,4,1,1,0,1,0,3
34,5,51,3,5,2,0,3,1,0,1,2,0,2,2,1,0,0,3,3
97,3,34,90,9,3,3,2,2,4,5,2,0,4,0,2,2,1,2,0
96,4,52,83,5,2,0,3,2,4,2,1,4,0,2,1,2,0,2,3
22,2,73,28,9,0,3,0,1,0,3,4,3,1,2,2,0,4,1,0
0,4,53,69,5,4,1,4,2,1,4,1,1,0,4,0,1,3,4,1
1,1,67,36,13,2,0,3,2,3,3,1,2,2,0,1,2,3,0,3
87,1,94,82,14,2,0,3,3,3,3,3,1,2,0,0,2,0,2,3
8,4,45,34,13,3,0,2,0,1,2,1,1,4,0,0,0,4,0,0
76,0,25,13,17,3,1,2,2,3,2,0,0,1,2,0,3,2,0,1
1,2,76,66,1,1,1,4,2,1,4,0,2,1,4,0,1,2,1,0
79,5,33,46,1,3,0,3,3,2,5,2,0,4,3,1,2,1,0,3
64,2,22,62,15,0,3,3,3,0,1,0,2,2,2,2,2,1,4,3
19,6,21,35,5,4,2,3,3,3,3,4,2,1,0,3,3,2,0,1
54,1,36,67,5,0,1,0,0,2,4,3,4,1,1,0,0,1,0,3
22,0,28,50,17,2,1,4,3,3,0,4,4,0,0,4,2,1,1,1
59,3,50,56,5,3,1,3,2,4,2,2,4,4,2,4,2,0,0,4
71,5,86,30,15,3,2,3,3,1,0,3,3,3,3,0,1,1,2,3
3,0,85,0,12,1,1,0,3,3,2,0,0,4,2,0,1,1,1,1
69,5,47,63,13,2,0,3,1,3,3,0,3,0,0,1,2,2,1,1
46,0,30,61,6,4,1,3,2,1,1,2,3,0,2,0,1,1,2,3
86,4,85,0,16,0,1,4,0,3,1,2,4,2,1,4,1,3,1,3
75,4,95,55,4,2,1,3,2,2,4,1,0,0,4,0,2,0,1,1
41,5,73,28,9,4,1,0,3,1,2,1,0,1,0,4,1,4,0,3
17,1,41,44,1,2,3,3,2,0,3,1,0,4,0,0,0,1,2,1
7,0,45,34,18,2,2,2,2,1,5,4,3,0,1,0,3,1,4,3
2,5,52,83,14,4,2,3,2,2,4,3,3,0,4,1,1,4,2,4
6,3,68,32,17,3,1,0,1,2,3,1,4,0,0,0,2,4,1,2
72,1,92,64,13,1,1,0,0,3,1,3,0,2,2,0,4,1,1,2
80,6,22,62,9,2,2,2,3,4,0,3,0,3,4,2,0,4,1,1
12,2,16,27,12,2,0,0,1,0,0,0,2,0,0,0,2,1,0,1
22,2,81,33,15,1,3,3,3,0,1,3,3,3,2,2,3,3,0,2
81,2,50,56,16,1,2,2,0,1,0,2,2,3,3,1,3,0,1,1
69,5,65,1,4,1,0,0,2,1,1,2,2,4,0,1,1,0,1,4
3,2,63,1,2,1,2,3,0,3,4,0,1,3,2,0,2,0,2,4
0,4,23,37,19,3,1,4,2,1,4,0,0,2,4,0,0,1,1,3
52,3,61,51,10,3,2,1,3,3,5,2,4,0,3,2,3,0,4,1
81,2,85,0,18,1,3,4,2,0,5,2,1,4,3,0,4,3,2,3
79,5,51,95,10,4,1,4,3,3,0,2,3,3,1,0,2,1,0,2
72,2,51,95,12,1,0,3,1,2,2,0,3,4,2,1,0,1,0,2
60,2,4,59,19,3,1,4,1,2,5,2,2,0,3,0,1,0,0,4
69,5,45,34,9,1,0,3,3,1,2,2,3,4,2,2,2,4,4,3
49,1,51,95,15,3,1,4,2,0,5,3,1,4,4,0,1,0,0,1
8,4,46,0,9,0,3,2,3,3,3,4,0,0,0,1,0,1,0,3
5,6,61,51,9,0,3,3,2,1,1,4,0,0,2,2,2,3,0,1
93,2,76,66,3,2,1,2,3,3,3,0,3,1,0,0,1,0,0,3
93,2,35,49,15,1,3,2,2,3,2,2,2,4,1,0,0,0,1,2
64,0,92,64,16,2,2,2,3,0,2,4,3,4,0,0,0,0,1,4
35,6,48,40,12,4,2,2,3,0,2,3,2,4,4,0,0,0,0,3
80,6,39,68,15,0,3,0,1,3,0,3,2,3,0,0,2,0,1,0
62,6,94,82,12,3,3,2,0,3,5,3,2,4,1,0,0,0,1,3
10,6,45,34,13,2,0,0,1,3,1,3,0,0,2,1,0,4,0,1
7,0,52,83,15,4,1,0,0,3,1,4,0,0,2,0,2,0,0,1
93,2,19,15,9,3,2,3,1,4,4,2,2,0,0,0,0,3,1,3
88,2,52,83,3,2,1,0,0,3,1,1,2,2,2,0,0,2,0,4
79,5,31,86,13,4,2,3,0,2,0,1,3,0,3,0,2,4,0,4
74,2,60,47,5,2,0,3,3,0,1,2,2,1,2,0,2,3,0,0
3,0,10,65,11,0,1,0,0,0,5,0,3,0,4,4,2,1,3,3
56,2,24,80,14,0,1,0,3,3,2,2,2,4,2,0,2,2,4,2
27,6,85,0,9,2,2,4,3,1,4,3,0,2,0,0,3,1,0,3
99,4,87,19,1,2,3,0,3,3,2,2,1,4,0,2,0,2,0,1
87,1,88,77,5,2,0,3,2,1,0,1,4,3,0,3,2,3,1,4
35,6,98,99,4,1,0,3,1,3,5,0,0,0,1,2,0,0,4,3
66,4,0,42,13,2,0,4,2,3,2,4,1,1,0,1,0,3,1,1
67,1,98,99,10,4,1,3,2,0,3,2,0,3,0,0,1,1,2,4
93,2,73,28,15,0,3,2,0,3,5,0,1,0,1,2,0,4,4,4
8,4,28,3,10,3,2,2,2,2,0,3,1,0,3,0,1,4,3,3
68,0,61,51,18,1,3,2,2,3,2,4,1,1,1,0,0,3,1,4
21,1,32,11,9,0,3,3,1,0,1,1,0,3,2,2,0,2,2,3
72,1,78,7,9,3,2,3,3,2,0,0,0,3,3,0,3,2,1,1
0,4,65,98,15,1,3,3,2,0,3,1,1,2,2,2,4,3,3,4
94,6,26,74,12,3,3,4,3,0,1,3,0,2,2,2,3,2,0,0
10,6,39,68,5,1,2,3,3,2,5,0,0,0,1,1,0,0,0,1
78,1,74,4,15,2,0,0,3,2,4,3,1,0,1,4,0,2,3,3
38,0,6,43,15,2,0,3,1,1,5,4,0,4,3,1,2,3,1,4
81,2,86,4,5,1,2,0,3,1,2,2,2,4,2,4,0,2,2,1
79,5,24,80,12,1,1,2,1,2,1,3,1,2,2,4,2,2,4,4
8,4,84,89,15,0,3,3,3,2,5,1,4,0,3,2,0,1,1,3
83,3,18,79,2,2,2,3,3,0,1,2,4,1,1,4,3,0,3,3
65,0,43,92,5,0,1,4,1,3,0,4,0,3,3,0,2,1,3,0
85,2,34,90,13,4,2,2,3,0,2,0,2,1,1,1,0,1,0,0
20,2,33,46,12,3,1,2,0,1,0,1,2,3,0,4,2,3,0,2
29,0,21,35,13,2,3,3,0,0,3,3,1,1,2,2,0,4,2,0
94,6,3,72,1,2,3,0,2,0,2,3,2,4,0,2,4,0,1,3
8,4,17,2,15,3,2,3,3,3,3,1,1,1,2,2,3,4,2,3
8,0,51,95,12,4,2,0,0,4,0,4,1,0,3,0,3,2,1,1
36,3,25,13,9,3,2,3,2,3,1,2,0,4,1,1,3,0,0,4
22,2,86,30,5,1,2,2,2,3,2,2,0,4,0,2,3,1,1,4
44,4,9,70,5,2,0,3,3,0,1,2,4,2,2,0,0,4,1,4
43,6,76,66,10,3,2,2,3,2,1,2,2,0,2,1,0,4,1,4
88,0,24,80,18,2,1,2,3,0,2,4,3,4,2,0,1,2,0,1
61,5,26,74,15,1,0,3,2,4,2,1,0,4,0,1,2,1,1,4
85,2,89,76,0,4,2,0,3,2,4,0,3,0,4,0,3,4,3,1
31,4,3,72,18,2,2,3,3,0,1,4,4,3,1,0,0,0,4,3
96,4,28,50,19,2,0,3,1,3,0,1,1,3,3,0,0,1,2,4
38,0,9,70,12,3,3,0,0,3,1,4,0,4,1,2,4,4,4,2
90,6,66,94,15,0,3,2,3,3,3,4,0,1,2,0,0,2,1,4
73,6,92,64,10,3,2,3,1,4,4,3,2,0,1,0,2,0,1,3
27,6,35,49,9,1,0,2,1,3,4,4,2,0,4,3,3,2,2,1
20,2,25,13,11,1,0,2,2,3,2,0,2,4,0,1,2,2,0,4
51,6,78,7,6,0,0,3,3,3,2,3,2,1,0,1,2,4,2,1
72,1,90,48,9,4,0,4,2,1,4,0,0,4,4,1,2,1,4,3
68,3,88,77,16,3,0,4,3,3,4,0,0,0,4,1,2,0,1,2
52,0,10,65,10,4,1,3,3,4,5,4,3,4,3,4,1,3,3,2
29,0,0,42,15,3,2,3,1,1,5,0,3,4,3,4,1,3,1,1
66,4,99,91,13,4,2,4,3,4,1,0,1,4,1,1,0,4,1,1
63,6,45,34,3,2,1,0,3,3,2,3,2,4,0,4,2,4,0,0
92,1,56,0,10,2,3,2,3,2,5,1,0,0,4,0,0,1,1,0
89,3,90,48,11,3,3,4,3,3,4,0,0,2,1,2,1,2,3,4
30,6,64,9,6,1,3,3,3,0,1,3,4,4,2,0,1,1,2,4
73,6,41,44,13,1,1,2,3,0,1,2,2,2,1,0,3,0,2,3
63,6,69,38,16,2,2,2,1,0,4,1,2,1,4,3,0,1,2,3
23,1,25,13,11,1,0,2,1,1,2,0,1,1,4,0,2,2,3,0
36,3,4,59,4,0,2,0,2,0,2,0,4,1,2,0,0,1,0,4
32,2,36,67,17,0,2,3,0,3,0,0,1,3,3,0,3,2,3,4
87,1,32,11,12,1,1,3,3,2,5,1,0,4,1,4,2,2,0,0
17,1,8,60,18,2,2,2,0,3,5,2,2,4,1,0,3,1,4,3
27,6,48,40,4,1,0,4,1,3,0,3,3,1,0,0,3,1,1,4
17,1,52,83,19,3,1,2,1,1,2,1,0,4,2,0,1,0,0,2
31,0,51,2,9,1,0,2,1,0,4,4,3,0,1,1,0,1,0,2
15,0,0,42,14,2,0,2,3,1,4,4,3,0,1,3,0,3,0,2
11,3,94,82,19,2,0,3,1,0,1,0,0,0,2,0,2,0,3,1
55,2,41,44,0,3,3,0,2,3,1,0,2,0,0,0,0,0,2,3
20,2,10,65,19,3,1,0,3,3,2,0,1,4,1,0,1,1,1,0
27,6,47,63,13,4,2,0,0,3,1,3,4,2,2,0,3,2,1,0
94,6,71,81,2,2,0,1,3,3,5,3,2,0,4,0,0,1,1,3
22,0,64,9,9,3,2,3,2,4,2,4,3,0,0,2,3,2,4,3
38,0,61,1,13,3,0,3,1,3,0,4,3,3,0,3,2,0,2,3
81,2,62,75,2,1,2,3,2,1,1,2,2,3,1,0,3,4,0,2
66,4,73,28,16,3,0,4,1,2,4,0,0,1,1,0,0,3,1,0
92,1,60,47,13,3,0,0,0,1,2,3,0,4,1,1,2,3,2,2
28,3,85,0,18,0,3,3,3,1,0,0,0,3,0,2,4,1,2,1
59,3,73,28,5,0,1,0,0,0,5,0,0,0,1,4,1,4,4,4
43,6,50,56,12,2,0,2,2,4,1,4,0,2,1,0,0,3,1,0
31,4,33,46,16,2,2,3,3,4,5,4,1,4,1,1,3,3,0,4
22,2,64,9,6,3,0,1,3,3,5,2,0,4,3,2,2,1,4,0
42,2,28,50,15,2,0,0,3,0,0,2,1,0,3,0,0,1,2,1
55,2,93,0,12,2,0,3,2,0,3,0,1,0,2,1,0,1,0,4
69,0,68,4,16,1,3,4,0,3,1,3,4,2,1,0,0,4,4,4
72,1,86,30,12,4,2,0,1,2,3,3,2,1,2,0,3,0,2,4
59,3,93,73,7,4,2,3,2,1,1,1,4,2,1,0,3,0,0,4
52,3,8,1,11,3,3,4,2,3,2,1,4,1,2,2,0,1,2,1
10,6,24,80,13,2,0,2,0,1,0,2,2,1,3,1,0,1,4,1
8,4,64,9,12,3,3,0,2,3,1,1,1,2,2,2,0,2,2,4
19,6,47,63,19,0,1,2,0,2,3,4,2,0,2,4,1,0,0,1
63,6,69,38,18,2,2,3,1,3,0,2,2,0,0,0,0,2,3,4
35,6,89,76,18,1,3,2,2,4,5,4,2,0,1,2,4,4,3,4
93,2,67,36,10,0,0,0,3,2,4,2,1,2,1,1,2,2,3,0
94,1,58,21,14,1,3,0,3,0,0,3,2,3,3,0,0,1,0,4
25,3,8,60,13,0,3,4,0,4,1,2,4,3,1,0,0,1,4,4
89,3,75,57,5,3,0,0,3,1,2,4,0,1,1,1,0,0,3,4
44,0,60,47,18,2,2,4,0,3,1,4,3,1,0,0,3,0,0,1
71,0,79,0,1,2,3,3,0,2,0,4,1,1,0,2,0,1,0,3
16,4,58,21,3,4,1,3,2,2,4,1,1,0,1,0,0,0,2,0
63,6,1,16,1,3,0,2,2,2,1,3,2,3,2,1,3,0,2,4
34,5,41,44,5,1,2,0,3,0,0,3,0,0,0,0,3,0,2,2
97,3,84,89,13,0,3,3,2,3,3,1,4,1,2,0,1,4,0,2
1,2,88,77,6,0,0,2,1,3,4,2,2,0,4,1,2,3,0,3
79,5,31,4,7,4,2,1,2,0,4,2,3,4,4,4,0,1,4,0
7,0,30,61,11,0,2,2,3,0,2,1,4,4,2,1,3,3,0,0
80,1,24,5,17,1,0,2,2,3,2,3,1,4,0,1,0,0,3,3
36,1,63,97,4,1,2,3,2,3,3,2,0,0,0,4,0,2,2,3
99,4,30,61,18,4,2,3,3,1,2,1,4,0,0,0,0,2,0,2
32,2,13,1,16,2,2,2,0,3,5,0,2,4,3,2,0,2,0,3
68,3,20,22,12,3,3,4,1,3,2,0,0,1,2,2,4,3,1,3
52,3,51,95,10,2,3,4,1,3,0,2,4,0,3,0,4,4,0,3
66,4,30,61,5,3,1,0,1,3,0,1,0,3,1,0,1,2,3,4
9,1,90,48,8,2,3,0,2,1,1,0,1,2,2,0,4,1,4,4
47,3,12,96,9,4,1,3,3,2,5,0,4,4,3,4,1,1,4,2
64,2,6,43,18,1,3,2,3,1,4,0,2,0,1,0,0,2,1,2
40,2,85,0,16,0,1,3,1,2,2,0,1,1,0,0,2,3,0,4
93,2,82,14,19,3,2,3,3,3,3,2,3,0,0,0,1,0,1,1
84,5,59,53,15,2,0,2,2,3,2,4,0,4,2,0,3,1,3,1
5,6,45,34,13,0,3,3,2,1,1,3,0,0,1,0,2,4,4,3
84,5,71,81,9,3,2,2,2,0,3,2,3,0,0,0,0,1,1,3
27,6,51,95,15,3,2,0,0,3,1,3,0,0,0,2,1,3,0,4
27,6,49,87,8,0,1,3,2,2,4,0,3,1,2,0,3,2,2,3
55,2,4,59,16,0,1,3,2,1,1,0,1,2,1,4,2,3,3,1
73,6,75,57,10,2,3,2,1,0,4,0,2,1,0,2,0,4,4,1
66,4,95,55,14,2,0,3,2,3,3,0,0,1,0,0,2,2,2,4
6,3,43,92,7,2,3,3,3,1,0,1,4,1,0,0,0,3,3,4
74,2,86,30,11,3,3,0,1,3,0,0,2,3,0,0,1,0,2,2
44,4,90,48,19,3,1,4,3,3,0,0,0,0,3,4,2,1,4,4
50,4,63,97,9,3,2,4,3,0,3,2,1,1,2,2,3,2,2,1
58,0,51,95,15,3,2,3,3,2,5,1,3,4,4,1,0,0,0,2
89,3,53,69,18,2,2,3,0,2,0,0,0,1,3,0,3,2,1,2
69,5,47,63,14,2,0,4,2,3,2,2,0,1,2,1,2,1,0,0
30,4,40,58,0,1,2,3,1,0,1,0,1,3,2,0,0,1,1,3
78,0,76,66,13,0,3,0,1,1,5,4,3,4,3,2,3,4,1,2
77,1,78,7,11,1,3,3,0,3,5,4,0,0,1,0,0,2,2,1
59,3,40,1,15,2,0,4,2,2,0,4,4,3,0,1,1,1,2,4
63,6,47,63,0,1,2,4,0,0,4,3,0,0,4,0,3,2,1,3
14,5,74,4,7,0,3,2,2,2,0,3,0,1,0,3,4,1,4,3
90,6,21,35,13,0,3,2,3,0,1,0,0,0,2,2,0,0,4,4
56,2,89,76,5,0,1,3,3,3,3,0,2,0,0,0,3,4,0,1
12,2,89,76,5,3,1,4,3,3,0,2,2,3,0,0,0,4,0,2
14,5,33,46,5,1,2,3,2,0,5,2,3,0,3,1,0,4,4,1
46,0,21,35,14,3,1,2,2,4,5,0,1,0,1,4,1,2,4,2
74,2,98,99,1,2,3,3,3,4,5,2,1,0,3,2,0,0,2,3
73,0,49,87,4,0,2,2,3,4,0,4,3,3,0,2,3,0,2,3
20,2,43,92,9,4,1,3,2,0,3,0,1,4,2,4,1,1,4,0
54,0,24,80,12,0,2,3,2,4,2,4,1,4,0,4,3,2,0,4
74,2,55,39,12,1,1,3,3,0,1,2,1,2,1,0,2,4,0,2
49,4,90,48,5,1,2,2,2,0,3,4,1,1,2,2,3,1,4,4
21,4,31,86,11,4,1,3,2,3,3,1,4,1,0,0,2,4,1,4
95,0,15,17,1,3,0,3,1,3,0,0,1,3,0,0,4,4,0,4
95,0,50,56,13,1,1,3,0,1,4,1,3,1,1,4,2,3,1,4
8,4,52,83,1,2,3,3,0,2,0,2,1,0,0,0,3,0,0,4
38,4,52,83,4,4,3,2,3,2,1,0,0,0,1,2,0,0,0,3
55,2,34,90,11,3,0,4,0,0,0,2,3,3,0,1,0,0,0,1
24,0,59,53,15,1,3,0,1,3,0,3,1,3,3,0,0,0,1,1
43,6,21,35,10,0,0,2,3,4,0,3,2,3,3,1,0,2,1,1
22,2,0,42,5,1,2,2,3,0,2,0,2,4,0,0,0,0,0,4
44,1,45,34,9,2,2,0,2,1,1,0,4,3,1,0,3,1,0,1
80,6,63,97,19,3,1,2,3,3,3,3,2,1,2,4,0,3,2,0
27,6,58,21,15,2,1,4,0,2,0,3,2,0,3,4,1,0,2,1
63,6,0,1,12,1,1,0,2,3,1,3,2,2,2,0,1,2,2,1
72,0,35,49,18,2,2,3,2,3,0,4,0,3,3,0,0,2,1,1
4,1,63,97,2,2,2,2,3,0,2,3,2,1,4,0,3,1,1,1
14,5,12,96,13,1,1,4,1,3,0,1,3,0,0,0,2,0,4,3
21,4,10,65,14,1,3,0,1,1,5,1,2,4,4,0,3,3,3,3
99,4,43,92,12,3,3,2,0,3,5,0,1,0,1,0,4,0,0,1
10,6,75,57,10,1,0,3,0,2,0,4,2,3,3,1,0,4,4,1
22,2,26,74,5,3,1,0,1,0,3,2,2,1,2,0,1,2,1,2
60,1,38,2,4,0,2,3,1,3,0,3,1,1,0,0,3,4,0,4
46,0,94,82,15,1,0,2,3,2,1,3,0,2,2,2,2,1,3,4
70,0,31,86,14,0,0,3,3,3,3,0,3,4,2,1,0,4,4,2
1,2,93,73,1,2,3,3,2,3,3,0,2,1,0,0,0,0,1,4
86,4,20,22,0,0,1,3,2,0,3,4,1,0,2,0,2,3,0,3
86,1,44,26,1,3,0,4,1,4,1,3,1,2,0,1,2,1,1,3
0,4,61,51,13,2,0,3,2,0,3,1,0,0,2,1,2,3,2,0
69,5,27,3,14,2,0,0,2,0,2,1,3,1,2,1,4,1,0,4
69,5,0,42,14,2,0,1,3,0,5,2,3,4,4,1,2,1,4,3
92,1,45,1,10,3,2,3,2,0,3,2,0,0,2,0,0,2,2,3
96,4,20,22,15,4,1,3,3,0,1,1,1,2,2,4,1,3,3,3
39,1,75,57,10,3,2,3,0,0,3,0,2,0,2,0,3,0,4,1
69,5,60,47,14,2,3,0,3,4,0,4,3,3,0,0,0,0,1,2
68,3,25,13,18,4,0,2,2,3,2,0,0,0,2,0,2,2,3,4
93,2,50,56,15,3,2,3,2,2,4,0,2,0,0,0,1,3,0,3
29,0,19,3,9,3,2,4,2,0,5,4,3,4,1,0,3,2,0,3
11,3,68,32,18,1,3,3,3,2,5,2,4,4,3,2,1,2,0,4
73,6,24,80,10,1,3,3,2,3,3,3,2,1,2,2,0,4,0,4
63,6,45,34,15,2,0,2,2,3,2,3,2,4,2,2,2,4,4,4
74,1,91,24,13,3,0,4,0,3,2,3,0,1,0,1,2,1,0,0
92,0,94,82,0,2,0,3,2,1,1,2,3,3,1,1,0,1,0,4
22,2,86,1,10,0,0,0,0,1,2,1,2,4,4,1,0,2,2,4
76,3,36,67,13,2,0,3,0,1,4,0,0,0,4,0,2,1,4,1
74,2,36,67,19,3,1,4,2,0,5,0,2,0,1,0,2,1,4,4
93,2,65,98,16,2,2,3,2,4,2,0,2,4,0,0,1,4,0,2
2,5,43,92,13,0,1,3,2,3,3,3,4,0,2,0,1,1,3,0
70,0,47,63,5,0,1,3,3,4,5,3,0,0,1,4,1,2,2,0
3,3,15,17,13,1,1,3,3,3,3,0,0,1,2,4,2,4,1,3
69,5,0,42,13,1,3,3,1,3,0,3,0,3,3,2,0,3,3,0
10,0,20,22,13,3,0,2,0,2,3,3,3,3,2,1,2,1,0,4
14,5,44,26,12,1,1,4,3,1,4,4,3,0,4,4,2,0,1,1
68,3,94,82,12,2,0,2,1,0,4,0,1,3,4,0,0,0,2,3
21,4,94,82,1,3,0,3,3,4,2,1,0,1,0,1,1,4,3,4
41,5,8,60,6,2,2,0,3,4,0,3,3,0,3,0,0,4,4,3
15,2,44,26,11,0,0,4,1,3,0,2,0,3,0,0,0,1,0,1
55,2,19,15,13,1,1,0,0,3,1,2,2,1,1,4,1,2,2,3
27,6,62,75,7,1,0,2,3,0,2,2,2,4,0,0,0,2,0,4
83,3,45,34,9,0,3,3,0,3,5,2,4,0,0,0,0,4,4,4
78,0,85,0,12,0,2,3,3,2,0,4,4,0,3,0,0,3,0,3
19,6,46,10,13,3,0,2,2,1,5,2,2,0,3,2,2,1,1,0
78,0,87,19,17,1,0,2,2,4,5,0,4,4,1,1,0,3,4,3
87,1,75,0,5,1,2,0,0,0,5,3,4,0,3,1,3,3,2,2
44,1,74,4,9,1,1,2,1,0,4,3,2,0,1,4,1,2,4,3
12,2,62,75,14,4,2,0,0,3,1,2,2,2,1,0,0,4,4,4
74,2,75,57,15,4,1,3,3,3,3,2,2,4,0,0,1,0,4,2
44,3,68,32,15,1,3,3,1,2,2,1,0,1,0,2,2,3,1,3
52,0,11,12,6,4,1,2,2,0,3,4,3,0,0,0,1,3,0,4
52,3,17,23,10,1,3,3,3,4,5,1,0,0,1,0,4,1,3,3
29,0,67,36,4,0,2,2,1,0,4,4,3,0,1,0,0,2,1,1
62,6,45,34,6,0,0,2,0,2,3,2,3,1,0,0,0,0,0,4
23,1,90,48,9,1,0,3,0,0,3,3,3,1,0,2,2,1,3,1
69,5,12,96,14,0,0,3,3,0,1,1,0,2,1,1,2,1,4,2
23,1,31,86,8,4,1,2,0,3,5,1,0,4,3,4,1,4,0,4
28,3,51,95,14,3,1,2,3,3,2,2,1,1,2,0,0,4,0,1
28,3,50,56,15,0,3,3,2,4,3,0,0,1,2,0,2,0,0,1
0,4,8,60,6,2,2,3,3,0,1,0,1,3,1,0,3,4,4,1
52,3,98,99,15,4,1,2,2,0,3,1,0,1,0,4,0,0,0,4
86,4,99,0,1,0,0,4,3,3,0,3,1,3,3,1,0,1,1,4
80,6,50,56,19,2,3,3,3,1,0,3,3,3,3,2,0,3,1,4
46,0,21,35,15,2,0,3,3,3,3,3,3,1,2,0,2,4,0,4
7,0,33,46,14,0,1,0,3,0,0,0,0,0,3,4,1,4,0,3
71,5,92,64,3,2,3,3,0,3,5,1,3,4,1,0,4,0,0,1
83,3,73,28,5,2,0,0,2,2,5,0,4,0,1,3,0,4,0,2
78,2,7,8,15,1,3,2,2,3,2,0,2,1,2,0,2,0,3,1
44,4,74,4,0,0,1,3,1,0,1,0,4,2,2,4,1,0,4,0
51,6,28,50,7,2,3,0,0,1,2,0,2,1,0,2,4,1,0,2
90,6,46,10,11,2,2,4,3,2,3,3,0,1,1,0,0,0,3,3
74,2,2,88,5,3,1,3,2,4,2,2,1,4,2,0,0,0,3,2
22,2,37,5,17,0,2,0,0,0,5,0,2,4,1,1,3,0,3,1
73,6,93,73,9,0,3,4,2,2,0,3,2,0,3,0,4,3,2,3
66,4,41,44,2,2,2,0,1,3,1,1,0,2,1,0,1,2,1,3
48,5,67,36,10,2,3,3,3,0,1,1,4,1,2,2,0,0,1,4
10,6,99,91,5,2,0,3,3,3,3,2,3,1,0,4,1,4,2,3
92,1,43,92,19,3,1,3,1,3,0,3,1,0,4,4,1,1,3,3
66,4,59,53,16,4,0,2,3,3,3,1,0,0,2,1,0,1,0,3
35,6,37,5,5,0,1,3,3,3,3,0,2,2,1,0,2,0,1,4
83,3,6,43,12,0,2,0,2,2,1,2,0,2,2,0,3,2,1,2
77,1,34,90,18,1,3,0,2,2,5,3,0,0,3,2,4,1,2,1
96,4,34,90,19,3,1,4,3,1,4,1,0,0,1,0,3,3,0,1
86,4,24,80,14,1,3,3,0,0,3,0,0,1,0,0,2,0,0,0
32,2,47,63,18,3,3,3,3,3,5,3,1,0,3,2,0,0,1,4
78,0,41,44,10,2,3,0,3,0,0,0,3,3,0,0,0,0,2,1
14,5,56,71,0,2,0,4,3,3,0,3,3,3,3,0,2,1,0,2
12,2,10,65,18,2,2,4,0,3,1,2,0,1,2,1,3,0,3,2
90,6,53,69,12,4,2,3,3,1,0,3,2,0,0,0,3,2,1,2
39,1,74,4,11,0,0,3,1,2,3,1,2,1,2,1,0,2,1,4
11,3,35,1,15,1,3,2,2,2,0,2,4,1,3,2,0,2,1,4
7,0,63,97,2,2,2,2,2,1,5,4,3,0,3,2,0,1,1,1
84,5,2,88,12,3,3,0,3,1,2,2,1,4,2,0,0,0,4,4
6,3,22,62,19,1,2,3,1,3,0,0,1,0,3,0,3,0,1,0
21,1,21,35,12,3,3,3,0,3,5,3,0,4,3,2,2,4,1,4
62,6,14,78,14,2,0,1,2,0,4,3,2,1,2,1,3,0,3,3
0,4,0,42,13,2,0,4,2,0,1,1,1,2,3,1,0,3,2,4
95,0,21,35,5,2,2,3,2,0,3,0,0,0,2,0,1,2,1,4
96,4,22,62,11,2,2,3,3,2,5,0,1,0,1,1,0,1,1,4
84,5,53,69,5,3,1,2,2,1,5,1,3,0,3,4,1,0,1,4
35,6,53,0,0,3,3,0,2,2,5,3,3,0,0,2,4,3,1,1
42,2,58,21,12,1,1,4,2,2,0,0,2,3,3,0,2,0,2,2
95,0,63,97,7,3,1,3,0,2,0,4,0,3,0,0,0,4,1,2
48,5,32,11,0,2,0,3,1,3,0,2,0,3,0,1,2,2,2,3
76,3,69,38,16,2,2,2,0,3,5,0,0,4,1,0,0,2,2,1
53,5,64,9,19,3,3,3,1,3,0,2,3,1,3,0,0,2,0,2
71,5,84,89,13,0,3,3,1,4,4,1,2,0,0,0,0,0,0,3
48,5,67,36,16,1,3,3,2,3,3,1,3,3,2,0,4,2,3,3
84,5,37,5,15,1,2,2,3,4,0,1,3,1,0,0,3,0,1,4
10,0,6,43,12,3,3,3,2,3,3,4,3,1,0,2,0,1,1,0
9,1,65,98,13,2,0,2,3,1,4,1,0,3,4,2,0,4,0,1
56,2,10,65,11,1,0,2,0,0,3,0,3,1,2,2,3,1,2,4
49,1,99,91,0,2,0,3,2,3,3,3,1,2,2,1,0,0,2,4
43,6,24,80,11,2,2,0,2,3,1,3,2,2,2,0,0,1,4,3
61,5,5,29,15,1,3,3,2,2,5,1,3,0,3,0,0,2,2,2
55,5,27,3,12,0,2,3,2,3,3,1,3,1,0,1,3,1,3,1
72,1,30,61,5,3,1,0,3,2,4,3,0,2,4,4,2,3,0,0
88,0,33,46,14,1,3,2,2,1,1,2,3,2,1,0,3,2,4,4
83,3,88,77,15,1,3,2,3,2,1,4,4,2,1,0,0,4,0,4
87,0,85,0,13,4,2,3,0,3,5,0,4,0,4,0,0,3,2,0
30,6,28,50,13,2,0,3,3,0,1,2,2,3,2,4,2,1,0,3
26,2,15,17,12,0,2,0,2,0,2,2,2,1,0,1,3,4,0,4
6,3,7,0,5,0,1,3,0,3,5,0,4,4,1,0,2,3,1,2
67,1,3,0,12,4,2,3,0,0,3,1,1,0,2,2,1,3,0,2
63,6,34,90,1,4,3,2,2,3,2,3,0,0,0,0,0,3,0,0
84,5,26,74,13,3,0,3,0,3,5,2,0,0,0,1,0,1,1,0
44,0,74,4,9,1,3,2,0,2,0,4,1,3,0,2,0,0,4,2
56,3,98,99,12,3,3,3,2,0,3,2,4,1,2,2,3,1,2,4
84,5,66,94,13,1,1,0,3,2,4,4,2,0,4,0,1,2,1,4
66,4,29,45,12,2,0,3,3,2,5,1,4,4,3,0,2,0,2,3
73,6,50,56,6,3,0,3,2,2,1,4,2,0,2,0,2,3,0,0
45,1,46,10,15,3,2,3,1,1,5,3,0,4,3,2,3,1,1,1
94,6,86,30,11,3,3,2,0,2,3,0,2,1,2,0,4,3,2,4
35,0,65,98,15,0,3,3,1,3,3,4,0,3,2,2,4,2,3,3
77,1,53,69,5,3,1,4,3,3,0,0,0,1,0,4,1,2,0,4
44,4,11,12,0,2,1,0,0,0,5,1,1,4,1,0,2,3,0,3
6,3,39,68,4,1,0,3,1,1,5,1,4,0,3,3,2,0,2,1
50,4,8,60,15,1,3,2,0,3,5,1,1,4,1,2,1,1,0,4
58,0,97,85,4,0,2,3,3,2,5,4,0,4,3,0,3,3,0,3
90,6,79,1,12,2,0,3,3,0,1,2,2,2,2,2,2,0,4,3
4,1,78,7,5,3,1,2,1,0,4,1,2,0,4,4,1,3,1,0
25,3,91,0,1,4,3,3,1,3,0,0,4,1,4,0,0,1,0,1
65,0,96,52,19,3,1,3,0,3,5,2,3,0,1,4,1,2,1,1
10,6,17,23,4,2,1,3,2,0,3,3,2,1,0,0,0,0,1,3
0,4,46,10,1,1,1,3,0,1,4,1,1,4,1,0,2,0,1,4
75,4,49,87,2,1,3,1,0,3,5,1,0,0,2,2,0,2,2,0
19,2,10,65,7,3,1,3,2,3,3,2,2,0,2,4,1,1,1,4
41,5,75,57,16,3,0,3,0,2,0,2,4,0,0,1,0,4,3,3
35,6,45,34,5,4,2,3,0,3,5,3,2,0,2,0,3,3,1,1
93,2,45,34,15,2,0,3,3,3,0,2,0,0,3,1,0,2,4,4
84,5,62,75,0,4,2,3,2,2,4,1,0,0,0,0,0,2,0,4
59,3,37,5,14,3,1,3,0,0,3,2,0,1,0,0,1,0,3,1
68,3,61,51,0,2,0,2,2,4,5,0,0,0,3,1,1,3,1,3
58,0,24,80,15,2,1,4,1,2,0,4,0,1,3,2,1,4,0,4
92,1,31,86,13,1,1,0,3,1,2,2,0,4,2,4,1,4,2,3
63,6,40,58,17,3,1,0,3,1,2,3,2,0,2,0,0,1,1,3
32,2,49,87,10,1,3,3,2,2,1,0,2,0,2,0,2,2,2,4
92,1,46,10,14,3,1,3,3,1,0,3,1,0,0,4,2,1,1,1
58,0,64,9,5,1,2,3,3,0,2,4,3,4,3,0,0,2,4,2
63,6,13,1,7,2,3,2,0,3,5,0,2,4,1,0,0,2,0,3
12,2,65,98,7,1,0,3,1,4,4,2,1,2,0,0,2,4,0,1
28,3,80,93,10,3,2,2,0,4,1,2,4,4,1,0,2,3,0,3
67,2,39,68,18,0,2,4,1,3,0,2,2,1,3,2,3,1,0,1
22,2,13,1,12,0,2,0,1,0,3,2,2,1,0,0,3,0,2,2
96,4,24,80,14,3,0,3,3,0,1,1,1,3,1,0,2,2,0,2
15,1,61,51,1,2,3,3,2,2,4,0,1,2,1,2,1,0,2,1
84,5,36,67,1,2,3,1,2,3,1,2,3,2,1,2,0,4,0,1
49,1,45,34,15,1,3,2,3,3,3,3,0,0,3,0,4,4,4,0
41,5,74,4,10,3,2,0,3,4,0,2,0,1,3,3,3,2,4,3
1,2,84,89,5,0,1,2,2,0,3,0,2,1,2,4,1,3,1,2
63,6,98,99,14,3,1,4,0,4,1,3,0,0,1,4,1,0,2,2
43,6,15,17,11,4,1,2,3,1,4,3,2,0,4,0,3,4,0,3
86,4,89,76,12,1,1,3,3,0,1,1,1,1,2,4,1,3,3,1
90,6,1,16,18,1,3,4,1,0,2,3,0,1,0,2,2,1,1,3
36,3,20,22,13,1,1,3,3,3,3,0,0,1,2,0,2,3,1,4
99,4,88,77,15,2,0,3,0,0,3,0,4,0,0,1,0,0,0,1
31,4,19,15,7,0,3,2,1,3,4,0,0,0,4,0,2,3,2,3
10,0,36,67,13,1,1,2,3,0,2,2,0,1,2,4,1,1,4,4
13,5,64,9,11,4,0,0,0,2,4,2,3,0,1,0,2,1,4,1
96,1,68,0,9,1,0,0,3,0,0,3,0,3,3,3,0,1,1,3
65,0,79,6,15,3,2,2,2,0,3,4,3,1,3,0,2,0,0,4
10,6,51,95,11,4,1,3,3,4,5,0,2,4,1,4,2,3,1,4
95,3,55,39,0,2,1,2,2,2,0,0,0,3,3,0,2,4,4,1
69,5,67,36,13,1,1,2,0,4,0,2,0,3,3,0,0,0,3,2
68,0,24,80,18,3,3,3,2,3,3,2,3,1,2,2,0,2,4,3
45,1,9,70,5,2,0,3,2,0,3,1,4,4,2,1,2,0,0,1
38,6,10,65,15,3,2,2,0,2,3,1,3,1,2,1,3,1,3,2
69,5,26,1,14,2,0,2,3,2,1,2,0,2,1,1,0,1,2,2
26,5,51,95,16,0,1,1,1,1,0,3,1,3,0,4,1,3,0,3
31,4,70,54,5,0,1,3,2,3,3,0,4,4,0,4,1,1,2,0
48,5,11,12,4,2,1,2,3,3,3,2,1,1,0,0,1,0,4,2
84,5,36,67,10,0,0,0,0,3,1,3,0,0,2,0,2,3,3,3
90,6,70,54,7,4,2,2,2,3,2,2,0,1,0,0,3,1,1,2
72,1,32,0,9,4,1,4,1,3,0,1,0,1,0,0,0,1,1,2
90,6,46,10,9,0,3,3,3,4,5,0,2,4,1,0,1,1,1,3
32,2,69,38,14,2,0,3,3,0,1,2,2,2,2,1,0,2,0,3
37,4,46,10,15,1,3,0,1,3,0,1,1,0,3,2,0,0,1,2
76,3,19,0,7,0,3,0,1,2,3,1,0,1,2,2,0,1,1,4
64,2,30,61,18,2,3,0,0,0,5,0,3,0,0,2,3,3,0,3
14,5,82,14,9,0,3,3,1,4,4,3,1,0,4,0,0,4,1,4
25,3,35,49,15,3,2,3,3,3,3,0,0,1,2,0,0,0,1,3
10,6,13,0,1,0,0,4,2,1,4,2,0,0,2,0,2,1,1,4
20,2,32,11,15,3,2,0,2,1,1,2,2,2,2,2,3,0,2,4
59,3,85,0,1,1,1,4,1,4,3,0,4,4,2,0,3,3,0,3
55,2,98,99,12,2,0,2,0,3,5,2,2,0,1,2,2,0,0,3
35,6,72,20,14,0,1,2,1,0,5,3,2,0,1,0,2,2,0,1
22,2,19,1,10,4,1,4,1,1,5,2,2,0,3,0,1,0,2,3
54,0,0,42,9,0,3,2,1,1,2,0,3,4,0,0,1,1,3,3
29,0,35,49,1,3,0,0,2,4,3,1,3,3,2,1,0,0,1,1
23,1,81,33,15,0,1,2,2,1,5,1,2,4,3,0,1,1,1,3
46,0,58,21,17,3,1,4,0,0,4,4,3,0,4,0,4,2,2,1
35,6,37,5,14,2,0,0,1,2,3,3,2,1,2,1,2,0,1,3
8,4,35,49,12,3,3,1,3,3,5,1,0,0,3,1,0,0,0,1
31,0,45,34,18,2,2,3,2,4,2,4,3,4,2,2,3,4,1,2
73,6,63,97,11,2,2,3,0,0,3,3,0,1,2,1,3,1,2,2
29,0,26,74,9,2,2,3,1,1,5,4,1,4,3,1,3,1,0,3
10,0,98,99,13,2,0,2,2,0,0,4,3,3,0,0,2,1,1,3
53,5,84,89,12,0,2,3,3,0,1,2,1,2,1,0,3,4,0,4
41,5,47,0,15,1,3,3,3,0,1,1,3,2,1,2,2,3,0,3
24,0,80,93,12,2,0,2,3,3,3,4,3,1,0,1,0,4,4,4
90,6,78,7,10,3,2,3,3,0,1,3,2,0,1,2,3,4,2,4
54,5,12,96,9,3,2,2,2,3,2,2,2,4,0,4,3,0,2,3
96,4,45,34,7,1,0,3,3,3,3,2,0,1,0,4,2,1,4,4
38,0,33,46,9,4,1,0,3,3,2,4,0,4,1,0,3,4,0,3
88,0,61,51,11,0,0,3,1,0,1,1,1,0,2,1,4,3,1,1
63,6,10,65,13,2,0,2,3,3,3,0,2,4,2,0,0,3,1,4
63,6,56,71,10,0,0,4,0,2,5,1,0,0,3,1,2,3,0,2
3,0,28,50,5,4,2,4,2,2,0,4,1,1,0,3,3,3,0,4
8,4,63,5,18,1,3,3,3,2,5,1,1,0,3,2,4,3,3,3
6,3,70,54,13,2,3,3,2,0,3,0,2,4,2,2,4,2,4,3
63,0,88,77,15,2,0,4,2,3,2,0,1,0,0,0,0,1,0,4
15,1,41,44,5,2,0,2,0,2,3,3,1,1,0,0,2,1,2,0
70,3,67,36,5,2,0,1,2,0,4,2,0,0,1,0,2,2,3,2
61,5,8,60,5,2,0,3,0,0,3,2,3,4,2,1,2,4,4,1
23,1,9,70,12,2,0,3,2,1,1,1,2,1,1,4,2,1,1,2
10,6,85,0,19,0,1,2,2,4,5,1,2,0,1,0,3,1,1,0
62,6,74,4,19,0,1,0,3,1,2,3,2,1,0,4,2,2,4,4
70,0,46,10,12,3,3,3,1,4,4,1,1,0,0,0,0,0,1,1
7,0,67,36,15,1,3,2,0,0,3,4,3,1,2,0,0,2,3,4
74,2,23,37,6,0,0,3,2,1,1,0,2,2,2,0,0,1,1,4
10,6,51,95,15,1,3,2,0,3,5,3,2,0,2,0,0,3,1,3
32,2,29,45,0,3,3,0,0,3,1,0,2,0,2,0,0,0,2,3
66,4,59,53,9,3,2,3,0,3,5,1,0,0,3,1,0,0,3,3
95,0,2,88,0,3,3,0,2,3,1,0,3,2,1,0,0,0,3,1
92,1,32,0,12,0,2,2,3,0,2,3,0,1,0,1,3,1,0,2
7,0,47,63,6,3,2,4,3,3,0,0,0,3,0,0,3,4,0,2
74,2,73,28,10,1,0,3,3,0,1,0,2,0,2,1,2,4,4,3
36,3,99,91,0,0,1,0,3,3,2,4,0,4,0,0,0,4,0,2
2,5,1,16,5,3,1,3,1,0,1,2,3,0,1,0,1,0,4,0
46,0,72,20,12,2,0,2,3,0,2,2,3,1,1,3,0,1,0,3
14,5,34,90,5,0,1,3,2,0,3,2,1,2,0,0,1,3,0,0
31,4,0,42,18,1,3,3,2,2,4,1,1,2,1,2,1,3,0,3
94,6,8,1,5,3,1,2,1,0,4,2,0,3,2,4,4,0,1,1
28,3,63,97,10,2,3,3,2,2,4,0,0,0,1,0,0,2,2,1
72,1,96,52,1,1,1,2,0,2,0,2,0,0,3,4,1,2,0,3
44,3,40,58,4,1,0,3,1,0,0,0,0,3,0,1,2,3,0,1
35,6,79,6,7,2,3,2,3,3,2,3,2,1,2,0,4,3,1,0
58,0,30,61,19,2,0,3,2,3,3,3,0,1,0,0,2,3,3,1
38,0,46,10,18,2,2,3,1,2,2,4,3,0,0,1,3,1,1,3
68,3,70,54,13,0,1,4,3,4,1,0,0,2,1,0,1,0,4,3
6,3,62,75,5,2,0,0,3,1,2,1,0,4,2,1,0,2,1,0
80,6,7,8,10,2,3,3,1,0,0,3,0,0,3,0,2,1,1,0
46,0,60,47,3,1,3,1,0,2,3,3,1,1,0,2,0,0,1,4
29,0,97,85,1,0,0,0,2,1,1,1,1,2,2,3,2,2,3,3
69,5,47,63,3,1,3,3,1,0,1,2,0,2,1,2,0,0,0,4
30,6,72,20,16,2,2,3,3,4,5,3,4,4,1,4,3,1,4,3
52,3,98,99,17,1,0,2,2,0,3,0,0,1,2,1,2,0,2,2
44,4,82,3,12,3,3,0,2,4,3,1,0,1,0,0,3,1,3,4
74,2,8,0,5,2,0,2,0,0,3,2,1,2,0,1,0,1,1,3
71,5,29,45,12,0,2,3,1,2,2,2,3,1,0,0,3,0,2,4
74,0,69,38,5,3,1,3,1,4,0,4,0,0,2,0,4,2,2,1
91,0,48,40,7,3,1,0,3,2,4,0,3,0,1,0,1,0,0,4
6,3,31,86,13,2,0,2,2,4,5,2,3,4,1,1,0,4,4,3
94,6,79,6,13,1,1,3,1,3,0,4,2,3,0,4,1,4,0,3
48,5,90,48,1,3,1,3,3,1,2,3,0,4,0,4,2,1,1,3
58,0,8,1,15,1,3,2,0,4,0,4,3,0,0,2,4,0,1,2
45,1,26,74,14,2,0,0,1,0,3,3,0,4,2,1,4,2,0,4
9,1,87,0,18,1,3,3,3,3,3,2,0,2,2,0,0,3,1,1
59,3,83,2,10,0,0,2,2,1,5,2,0,4,4,3,0,1,3,3
55,2,63,97,0,0,1,3,1,0,1,2,2,2,1,0,1,2,0,2
61,5,80,93,5,3,2,3,0,1,4,2,3,0,4,3,3,3,4,1
76,3,88,77,1,3,0,4,1,0,2,1,4,4,4,1,2,0,1,1
84,5,19,15,12,2,0,3,1,2,2,2,3,0,0,1,2,1,2,3
40,2,7,8,9,0,3,0,0,3,1,0,2,2,0,2,4,4,1,0
59,3,43,92,12,0,0,2,1,0,4,0,4,0,1,1,2,0,3,1
77,1,21,35,14,0,1,4,2,0,1,3,1,1,2,4,1,4,4,4
82,4,93,73,14,2,0,2,3,2,1,3,0,2,1,0,2,3,0,4
63,6,41,44,9,3,2,2,1,3,4,4,0,0,4,1,1,1,1,3
8,4,44,26,1,3,0,1,0,1,4,1,4,1,3,0,2,1,0,4
2,5,65,98,11,3,2,2,3,0,2,3,3,1,0,2,3,2,3,4
43,6,84,89,5,2,1,2,2,1,5,3,2,4,3,0,2,3,1,4
85,2,96,1,15,0,3,1,3,0,5,0,2,0,3,2,0,0,1,1
26,4,19,1,18,1,3,3,2,1,1,1,1,2,0,3,0,0,1,1
72,1,84,89,10,4,1,3,3,3,3,3,1,0,0,0,2,3,1,4
32,2,48,0,11,2,2,4,0,3,1,2,1,2,1,1,3,3,0,3
39,5,85,0,15,2,0,2,2,3,2,2,3,1,2,0,0,3,1,2
73,6,33,46,12,1,1,3,0,0,3,1,2,1,2,0,2,4,0,1
81,2,26,74,8,2,3,4,2,3,2,2,2,0,2,0,0,2,0,1
46,0,85,0,7,1,3,0,0,0,5,0,3,0,3,0,2,3,1,1
20,2,83,2,9,2,2,3,3,3,3,2,2,0,2,0,0,4,1,1
14,5,95,55,18,3,3,4,2,0,5,2,3,4,4,0,0,0,3,1
79,5,8,60,11,0,3,2,2,3,2,2,3,4,2,0,0,4,1,3
59,3,30,61,12,2,2,3,1,0,1,0,4,1,2,2,1,2,3,1
52,3,63,97,6,2,2,2,3,1,4,0,4,0,1,1,3,3,2,0
84,5,53,69,7,2,3,0,1,3,0,2,3,3,0,2,0,0,1,3
45,1,90,2,19,0,1,3,3,1,0,3,2,3,3,4,1,4,0,1
20,2,47,63,15,2,0,0,3,1,2,0,2,1,0,4,2,1,1,3
0,4,20,22,18,4,1,2,2,2,0,1,0,0,0,0,2,1,1,3
69,5,26,74,14,0,1,1,3,4,4,4,1,2,4,0,1,2,0,3
8,4,38,41,12,1,1,3,2,3,3,4,0,0,2,0,1,0,1,4
4,0,17,23,0,2,0,2,3,0,2,0,1,4,0,2,2,4,3,3
29,0,71,81,18,0,2,3,2,1,0,3,0,3,0,0,3,2,1,1
56,3,88,77,13,1,1,2,2,0,3,0,0,4,2,4,1,3,0,3
85,2,14,78,17,0,2,4,3,3,0,2,2,0,3,0,3,0,3,4
39,1,43,92,10,1,3,3,3,0,1,0,2,2,1,0,4,0,0,4
88,0,14,78,15,1,3,3,0,2,0,3,0,1,0,0,3,4,4,3
7,2,3,72,18,2,2,0,3,4,0,2,0,3,2,1,0,0,3,4
20,2,17,23,15,3,2,0,1,0,3,0,2,0,0,1,0,4,3,0
14,5,16,27,10,2,3,2,2,2,0,3,0,3,2,0,4,2,0,3
69,5,42,31,16,2,2,3,0,2,5,1,0,4,3,2,0,1,3,0
69,5,62,75,5,0,3,4,3,1,4,4,3,3,1,2,0,2,0,4
60,1,87,19,3,0,3,2,2,1,5,3,0,4,3,0,0,0,4,2
74,2,33,0,11,1,0,4,1,3,0,0,1,0,3,2,0,1,2,3
79,5,48,0,5,4,2,3,3,3,3,3,1,2,0,2,3,3,1,2
6,3,34,90,19,1,2,2,1,2,1,4,0,2,1,1,3,4,0,1
91,5,30,61,12,1,1,2,2,3,2,2,1,1,0,0,1,3,3,2
95,0,41,44,12,3,3,4,2,0,5,2,0,4,3,0,0,0,0,3
0,3,52,83,13,0,3,3,3,3,3,0,0,1,0,0,0,4,2,2
7,0,12,96,0,2,0,2,1,0,4,2,3,3,0,0,2,1,4,2
