lhs,rhs
15,3131
1456,11469
34159,21329
1832,13044
259,21162
53658,21565
74364,16098
26431,22712
62057,6892
57528,26
1486,27665
32688,20135
34174,5943
0,21246
54203,33259
35155,12141
33550,613
3209,1534
1558,957
917,354
1529,21541
15778,14342
1137,12447
20897,162
64562,18557
66036,25177
54341,6649
7335,16091
52116,15315
232,26594
11422,15606
1672,2027
71920,21534
5544,20101
72863,7899
50255,12085
11375,14310
59703,30247
37538,19427
28305,18130
9445,2754
9365,1105
7801,1030
22080,14163
39843,6231
78257,3472
39695,303
29586,7999
45338,33153
8544,13597
30767,27268
3690,5472
52885,3238
6162,16962
22120,5961
65475,13815
244,10230
22433,33451
2232,2835
29713,336
23295,29690
2973,1736
4857,1896
732,26228
60825,1266
8,21544
3497,18476
14,10430
1871,5919
42359,5565
3035,1550
12151,922
68478,1675
35406,6485
85524,9381
6835,10101
40483,17264
75860,2215
1375,10863
51364,31274
11457,5941
18988,1677
67355,25906
77095,7262
62153,29766
3,27601
45084,29025
15015,7237
14631,16725
23990,26289
32270,4
59751,16283
540,29992
47026,33439
1718,3387
13304,29028
10797,32112
35546,21225
453,6046
504,4635
33423,13109
43739,13257
75148,28846
25351,5929
25537,23069
1942,19972
196,3139
391,18936
4158,27231
40398,16149
46294,44
51210,19676
49893,8793
21650,24572
67450,27378
93,6502
0,21246
743,29244
1904,19550
476,1218
16137,31903
2940,1756
81301,10743
3701,6027
0,21246
40831,21441
639,15363
3822,22479
66436,10404
46,14410
112,23083
12387,824
73772,20453
18087,1248
53453,19956
30750,7118
3736,14165
37562,26121
1388,2192
66561,3220
60363,25305
4153,28786
13834,13874
84647,9052
32246,30018
23070,60
56472,13825
167,3652
6122,2530
82630,38
73799,11075
55998,28681
220,4598
3810,20531
37828,5104
48690,5100
34148,12359
32908,9350
38849,18964
49325,606
76516,6770
1252,17047
1186,20302
67954,5950
5768,4609
16789,545
63281,14683
2564,9167
17,15847
14423,11933
4047,3223
27285,6106
56067,1543
41445,10810
70120,11654
56322,13974
45922,17119
11124,1684
27944,6389
218,32553
46684,33246
27844,6783
23805,9885
37546,30830
6767,5109
34195,23419
83084,21391
22295,30330
48734,7596
232,26594
7597,29843
6644,2585
26997,1767
16105,7210
13505,11245
55827,19532
301,20865
81388,21395
5506,9678
58254,20332
7445,13747
273,1433
0,21246
76879,1202
49977,28044
14922,4358
6236,28346
8361,30561
49960,1018
74945,27492
4346,4
18837,14755
3525,15320
4744,10400
13369,3144
332,2407
63693,18128
7204,3904
1747,906
8667,19646
24455,11955
12502,22755
18004,1025
7194,9731
8425,10337
13744,15991
74061,8577
19974,189
23133,8826
19643,402
34166,26020
217,3213
1210,1356
7725,10679
2842,26612
878,14221
4473,25488
41589,29193
58738,22564
30110,25981
50590,22424
14803,30079
7252,18491
31432,12036
0,21246
68061,25893
62491,7465
3409,25169
6133,18456
60594,23763
33067,19594
7163,2925
9732,440
68438,607
6224,7809
10510,22562
2231,6580
34660,19646
35235,32773
1173,9918
295,16477
17881,18891
406,49
10926,27824
15427,6822
10870,23691
43766,22505
77867,2223
73279,26009
13203,15273
25274,2733
75542,6181
13600,10768
53291,14590
5990,22170
6110,5468
7929,13057
82820,30735
186,8050
20892,28026
33962,21575
3578,9985
44145,107
39832,21383
27214,22270
12116,5080
54823,8773
57840,26299
28665,2238
43355,21258
64474,6625
3556,6481
56593,29453
2463,19459
36834,3994
2348,4892
98,29358
2309,3060
4380,4350
75612,260
36081,29074
68258,25814
12057,12469
79410,3699
3283,2761
35840,2779
3903,7439
67819,644
24450,26002
70609,26360
18165,5117
79559,4
27004,977
642,15834
65625,28762
137,15995
9965,2120
83290,6854
53850,210
4707,26425
55792,25377
59414,11025
31157,100
22675,6409
73451,13213
8002,10960
14163,2377
41730,13603
21982,32474
82544,17589
20270,25651
2671,8634
15348,19946
476,31893
36233,10056
52998,9112
925,13213
591,6393
31463,17751
257,26734
1975,15842
21498,5620
16558,18804
85989,1821
35282,16305
61011,11001
4668,12396
149,30471
27818,25198
12242,10916
30327,20613
29758,5374
83257,10189
56438,16010
751,14672
27261,6940
41807,4691
7267,14435
5076,22926
10038,12643
28058,620
9122,26975
5299,20073
372,20186
36406,2226
64520,21253
82771,31853
3297,5011
12671,23865
58257,23947
7270,9024
36269,6876
22,32746
18331,14363
66094,5191
9713,17714
238,2821
2012,2739
2086,24098
5671,16958
7393,12146
968,16188
13303,2121
36715,10135
8965,31776
19790,27115
13961,4589
8868,26372
5927,9398
31116,29633
2,32595
50862,5654
42787,3412
61175,4096
61,2147
16,5346
59,16101
13874,23527
6196,4796
29739,127
70330,117
19,6747
557,28280
84927,6365
53654,27467
44994,13521
3317,11147
76796,31893
0,21246
73161,19886
13378,29871
5240,7038
47932,26981
977,14470
29650,28364
46630,18422
17287,13856
380,29418
70244,25410
58954,31532
1549,5529
14149,6483
15987,15629
34587,33340
30941,7173
27628,2388
1185,10304
86910,29463
1736,14614
42823,751
830,24303
18,31837
74,19054
5,26051
33498,5961
0,21246
29475,9511
4555,10632
43731,30158
4686,18535
33850,9363
1297,17209
53751,18187
21304,244
9025,23756
4712,16334
3303,6332
77736,3466
1653,8517
12,24567
161,28378
72983,5076
43883,13776
5774,8053
642,15834
22386,21899
85488,29470
1864,10674
48665,2949
30481,19511
13071,30943
19653,13345
19783,1077
7397,3300
3850,26057
79864,10430
2312,4256
10767,18108
4215,29613
10301,10112
11,1257
2907,1069
6415,6580
9542,28959
30000,30270
1653,11924
0,21246
30699,11591
42,16125
4218,626
35,14422
58539,8598
80906,8376
11824,30909
1,2459
47622,1720
1,2459
17645,13006
118,13658
6202,22206
6542,32560
14711,11532
12882,10994
838,4286
602,17231
0,21246
47040,16767
32622,24116
53245,16659
21886,16110
27010,29370
70878,22378
79915,6714
59587,8612
569,13926
43324,8652
61621,12156
18060,15211
14031,5235
322,1812
3080,20696
2539,263
73549,11244
5970,26255
8394,26158
26431,16369
6019,15795
23100,269
66906,4754
33435,25928
10518,20147
6550,2932
21559,3204
330,17883
174,4135
5244,275
3774,12085
21516,8886
526,9427
68179,5675
73528,10393
58772,20473
2429,24853
26491,7405
66157,6983
1212,1544
769,920
39283,388
33630,30253
149,30471
72969,11016
79403,20452
3247,23197
35545,15368
21089,31295
79300,2692
28161,99
82722,9276
209,28574
2487,18498
52,20247
15304,15528
17583,11694
18143,22735
22128,435
34699,19065
53,29242
27132,7376
24235,1562
2912,19302
79395,1094
6275,269
4418,13968
9763,6964
62290,9430
83109,15656
13959,28338
6513,20590
45996,10925
383,22712
29849,15562
67267,22269
8941,30721
1169,29740
50662,27885
22823,2738
978,17233
54102,9007
2722,1082
13603,116
474,670
75851,27081
19162,11952
728,3219
58301,38
169,9471
53377,13604
83149,6023
8999,32991
36,12684
66972,6583
29333,11310
59627,22989
1274,24677
36329,26320
66060,8876
871,11190
9244,22370
28718,8859
3663,16452
228,1740
3453,14902
14424,9449
1130,5570
34509,21361
45428,14437
3852,21643
22411,17274
5979,22563
82930,12172
37531,15955
29953,30367
18254,128
9839,3041
79651,20451
4084,29925
8652,25393
29926,10889
8648,18131
47047,2171
2867,3401
21366,233
61446,20085
24278,12475
11358,10995
78637,29717
8172,31436
86072,2514
1664,7871
34866,20737
40916,28354
7693,32953
604,27802
73150,18932
18099,3139
38218,15604
14844,16289
34911,1510
6984,10431
34517,32342
31,6393
6168,18666
22452,29970
68698,23467
21405,6122
10008,18733
1679,1812
9815,4763
9857,20380
25065,15630
37850,16310
52496,11515
3111,8735
404,7163
4388,13400
43615,21180
3252,19622
32661,986
24373,16943
59871,9910
2723,7068
24089,6089
2637,33113
1,2459
577,8138
1798,19964
24450,20231
0,21246
5013,8493
1437,3382
531,11835
55842,6386
37404,18688
30013,1921
81362,27983
9616,1407
38268,2854
11219,16259
7652,13171
3641,4023
31415,28888
73130,24547
1286,30705
3311,2251
3031,17777
17049,2231
22857,24686
59705,24736
60102,13950
7464,19643
14,10430
6099,19975
33554,6144
59838,4
33221,448
45660,2812
38488,16677
32639,14250
42749,32422
60271,14705
5870,17319
9934,13833
50792,31552
26047,29762
28249,19848
87071,17041
25,12596
1531,20659
85097,24137
1079,22253
21684,13388
53039,30
792,30367
22016,5024
4679,414
86127,9948
44353,275
60321,13325
314,15190
1869,18026
27423,1704
22947,22903
18755,13094
13692,5687
68278,16552
2,32595
0,21246
36230,32792
12815,31682
3140,4217
18345,10097
13842,6430
77695,210
467,31313
15725,2366
55183,21145
28632,5771
46036,17756
71925,843
63084,24523
1854,1180
37219,14785
55,17148
7474,3738
8078,362
32762,28262
3127,12142
2056,20247
12422,3424
15039,6131
27878,13254
58462,13757
11232,2867
9143,17459
86876,18890
58592,18277
4838,6038
107,16308
404,7163
2086,24098
27530,1435
22907,5558
8659,27559
3927,9930
8560,4689
11111,20710
16207,25288
9842,7929
17982,31375
58323,10713
85332,11822
73,13156
59527,21439
47613,19356
22250,13269
10556,25771
57623,29360
36213,1329
58067,31293
72931,7397
78520,26661
65289,32233
64072,9718
70676,20838
28271,10652
64629,18754
28448,15666
24510,17949
2252,1858
34097,139
62002,12308
285,18334
5472,2447
60846,26562
49617,13970
44643,3695
85206,9923
341,2022
83145,49
25087,15994
47094,21616
22414,25744
16256,26597
3013,27295
4744,10400
25404,13610
48973,6324
4122,472
15524,8081
167,3652
3126,6048
18675,13186
30604,8528
26428,3155
10932,7313
27644,8583
73,13156
48698,9951
17869,28591
10006,3095
22388,815
11816,21152
771,14277
26430,12765
33136,24343
56439,4440
15669,18763
42913,7931
41494,30671
49066,1728
61836,3333
15,3131
288,23797
27,29405
19474,2979
1726,22058
39787,20681
52750,5463
46172,23159
9067,1572
29440,6758
23910,26495
4527,2303
7314,5016
22355,4863
184,13075
1603,5500
73,13156
9714,13609
86,28294
17302,23952
36262,24713
5880,2773
6143,13779
67519,33308
1308,417
4052,18352
8434,13001
22791,11559
234,5078
10,4994
59319,1665
3769,15159
49765,13323
75297,7658
12051,21568
5461,17451
3784,15586
20242,2108
33015,10423
48220,19953
2492,17996
75202,743
79082,6495
21869,30098
42576,251
15599,24318
22671,10208
1957,19579
2684,11210
68093,16316
30945,1739
27983,31255
67742,22948
25201,12034
82062,15971
2155,7262
15698,9720
53344,228
29850,10049
86871,30019
60425,19330
9676,1135
43460,4801
50077,5628
8291,17934
215,7101
4601,21185
41827,26015
70430,2058
16165,25858
8740,33
16751,15710
50264,31337
26,19934
26644,22984
80370,9413
3727,22219
11611,11500
8601,24327
2,32595
60629,16545
2713,948
77110,6290
39147,27856
1816,16812
11,1257
3701,2804
1,2459
46923,24045
26053,13128
16023,13722
44661,1408
6403,11607
74194,11195
9832,6113
12735,9764
76830,19251
20321,795
8481,14785
5703,30346
20840,12083
6380,32992
158,17305
42361,14702
73,13604
61594,18342
13322,32564
14305,3781
66529,20574
33455,12955
75567,10848
30710,22191
26907,6481
24023,4293
86544,16198
4739,29859
40,12644
19909,12223
4491,5720
5795,16092
3974,1146
3424,12513
30769,7625
38318,1969
16960,1308
83121,22204
13576,8281
10702,13330
7488,3266
23469,5268
29707,7365
2,32595
901,11736
36293,4349
620,20822
66839,32179
201,16663
1831,17426
13286,6427
77870,4736
8690,7242
5317,676
9680,7779
24,24305
59209,22303
68729,3731
14086,5621
4953,374
12410,21331
2547,783
1065,19957
46471,1672
35776,9856
538,6807
5257,10542
47927,20188
5554,30448
44,5673
462,6697
19979,1125
82087,543
57284,1601
24793,13860
18029,10539
47718,6161
76203,6114
18,31837
11940,16142
114,7499
56733,18666
293,5600
4457,17683
2044,3445
43508,3313
53750,8345
2284,1536
15269,18905
8174,15232
2943,16052
74381,9026
8042,17412
77,18376
10448,8980
43256,4601
2825,25355
7449,5830
2643,163
59037,2860
49370,21175
4607,6138
2451,397
51569,9034
4550,10363
2215,14407
34950,1887
4295,3098
23235,28029
22994,23523
3715,12938
24016,22009
6637,15021
22791,4686
69127,25798
15641,23166
280,27803
81343,17998
23436,11045
21511,589
68802,2
70232,31219
63109,6520
32794,1021
32173,2906
2900,1618
68380,15712
13,23133
61708,26487
34066,30285
53395,6769
16033,23769
83113,14984
22246,825
48990,13630
4646,20345
52584,2021
79429,13556
22119,861
71465,25451
36833,2770
19925,18322
5768,4609
5227,7040
58042,2653
1454,23513
61937,5723
8812,2028
75608,19822
24322,17651
8741,17675
31178,10415
8017,2167
78096,16400
1242,18231
56458,14730
9612,73
42242,6634
74589,19469
8451,3804
1520,13866
5342,297
83850,9059
5245,28174
86846,21453
60725,4679
45882,11843
5886,11582
22086,31293
1593,9323
65725,11649
12332,750
14763,3760
32134,7439
1038,4
3180,29278
55185,5344
33356,8227
37102,8832
18951,17158
17243,14302
31520,5337
13015,13414
49602,31874
3220,1453
16569,13756
2992,12107
11604,20355
45081,22649
30253,7443
70678,30798
6150,19471
6063,6575
637,32371
2117,13361
24072,20808
37057,28166
39055,26723
82260,12198
58622,11011
85406,18317
30319,7101
17260,19045
7911,6431
4916,10860
4486,16149
4560,12277
23306,157
5171,6127
87180,31972
16257,7792
67749,6428
17407,1375
69934,15019
5510,10071
40879,9714
48358,16835
5022,20814
41719,2071
9,10080
316,24008
65,1499
45649,24012
2194,13988
63502,28427
19715,10525
15189,22318
6425,4418
47331,15469
12467,3752
832,4833
41373,12568
53810,28702
1393,19948
69839,13604
10208,20418
19116,9724
3082,12685
62541,5772
28214,859
7111,23702
42992,4618
48029,16694
4145,30159
26868,19102
54217,22699
76310,24734
17067,32018
10311,24621
25803,3607
13582,18256
69620,9045
39378,24657
7427,7072
73819,31027
48615,27378
33841,6812
57088,27423
41748,13662
33082,31258
65956,20501
8230,3186
16236,9073
55258,24039
19528,4116
1334,26121
3542,5184
14421,18667
3561,8251
31328,17155
809,15415
37620,10786
5597,3647
136,11474
18276,1948
9434,4334
28094,27603
230,18287
30725,7824
16028,6600
80556,12515
1921,6281
21460,4670
57676,21193
55618,24631
50233,21314
75710,10367
1235,5667
7608,21297
64077,30760
378,15544
79714,3805
2665,31393
16158,74
45531,182
11749,10176
4522,4443
7095,30073
52051,3864
45535,20590
55430,20371
24111,23647
1466,8292
55834,20932
59917,19735
22057,5772
3215,2216
2379,30990
8156,25556
39215,16827
29534,15017
15663,4908
76,7485
35942,16745
44733,232
31737,9192
733,10555
19128,9599
10873,1571
57442,2303
3777,25631
3364,18569
31014,14165
14873,708
43566,9658
47570,24622
4700,10626
220,4598
33094,17519
4154,24609
450,4741
88,11885
593,20044
84181,8633
40020,9474
64453,14712
57237,5731
66673,172
32698,15529
12604,6945
8450,32491
964,13116
21378,28408
24449,20017
27,29405
55038,15030
14430,4931
25195,250
73894,24086
62149,1312
38251,14590
5765,575
62731,13275
62731,13275
72686,23007
51052,1440
0,21246
36525,24961
18122,7042
84684,2810
5521,8074
4707,26425
79073,10620
8227,5501
73223,13649
990,27987
517,3746
17199,13661
39391,1668
2057,7503
23397,6719
79815,10
53897,5088
1155,24537
14000,12241
20082,4181
28135,9071
171,273
85478,19870
15063,797
501,29580
28636,30887
9304,5695
29662,8890
16006,1345
22,32746
9090,31585
35564,3917
25207,3817
52322,760
19451,9279
72983,5076
70098,21386
17111,15883
35357,22390
8,21544
9846,7673
52824,10839
1064,15153
70519,19899
74911,10466
74693,17289
15504,31765
3544,7078
24279,27970
40386,6308
7738,1109
63,6713
4328,26064
37885,14753
6935,24136
8573,6538
2933,31988
37843,5045
1827,26889
2008,24536
1342,33247
2129,11309
21987,16082
40426,6207
71682,20883
18796,11094
13945,19425
847,3444
31922,2118
16855,25258
25860,13753
49702,13059
2599,13099
5722,14054
14612,31423
2040,3066
53751,18187
4623,21804
6062,18795
24132,1947
283,27678
18848,3959
32091,19998
77,18376
54308,2976
82505,8814
28587,18459
39455,407
17257,30869
477,5308
28592,28615
11077,5569
23415,1892
57610,2748
1720,14259
18741,24034
35902,22606
77157,892
62561,7332
2161,28175
19167,27802
7519,9452
8239,32335
43798,18517
135,14055
1276,9955
66070,8672
15858,17491
9464,237
14043,14304
9221,31217
790,23337
20259,2260
5201,2920
30039,11299
23150,10384
42898,29015
19175,18455
703,25998
149,14966
18373,8424
39560,7688
38375,4822
20009,26629
70628,4586
14823,1604
26402,7377
61046,4720
1032,9961
1095,22972
26209,4971
2115,20073
84613,33531
82045,9237
2095,8613
4512,21580
8785,33318
5097,17711
55914,22725
69144,5666
41150,4683
79031,4076
77794,8246
6490,22046
7404,16799
481,16086
28531,16165
1034,1801
25808,2304
41285,239
14142,1891
37605,7411
12484,6039
29484,644
68315,19675
14449,22100
13333,29033
18515,21789
5759,27102
12430,8013
55643,110
32085,1869
144,3477
8085,18964
1386,26569
733,10555
12558,3071
11097,9244
9,10080
14448,5221
42907,23635
15803,24053
14535,15334
112,23083
47801,6597
3119,20831
38109,3086
49351,32868
7460,1431
57068,20086
68442,13662
84316,10174
4559,25448
69653,2130
262,4
11209,15696
13816,8372
40205,1522
527,31975
10432,1064
21633,4423
64453,14712
2592,15443
39724,8672
54474,3160
7737,26812
2974,20703
4174,24791
70130,13177
3815,20716
11360,9605
372,20186
57,472
7734,19475
31555,7409
5448,6197
30795,5904
42131,27623
28148,24517
13,59
3457,4854
51806,28018
1402,8464
9546,8269
84125,22902
616,11973
55692,27485
13050,8285
20962,20805
31258,16295
34091,26641
5,26051
74174,12624
15528,2212
20988,27160
19118,28925
18637,20724
4449,26935
48314,24024
1161,20002
49914,1880
85310,12666
28436,22412
42824,993
20288,1868
30253,7443
12716,1353
78007,166
8482,18628
17915,9566
85902,15476
63327,22326
45851,3052
14984,13540
75670,12504
23686,26442
8529,5273
66357,5380
7057,33365
19689,14621
49691,9112
4852,25332
59553,3441
73837,30111
40427,19601
0,21246
43695,21897
56573,4207
31065,11115
13373,9699
79142,27750
5142,31093
80612,33004
79344,5464
10695,5279
18134,17008
4825,24873
959,19377
41644,8178
47179,747
563,12734
52712,10441
20632,13102
50062,10073
4893,11482
14681,9375
44096,19661
46024,21093
28931,14191
12858,4843
52231,9342
873,30352
70134,15888
8067,14482
7598,16268
14,10430
52756,966
38531,31697
36172,3964
7563,31698
5808,21326
14028,2711
9363,21662
59785,12955
15501,8236
11623,10119
18172,4188
25397,32825
42784,12101
83158,21212
67820,20090
6074,6570
34547,10232
23031,27392
345,2535
1233,3015
23593,10205
12830,9187
38260,2087
23928,288
227,28574
71615,28571
12964,12053
0,21246
80296,2469
3702,3684
36070,22179
86376,215
18605,26174
79234,5991
22139,9044
10758,20423
50221,14616
4469,19742
154,23018
78266,2256
73224,5897
58403,32978
45139,26328
37627,18588
12525,15902
544,24301
11,1257
24246,13834
50742,2406
55187,27982
418,6803
62747,11801
15242,4521
1456,13044
1190,15870
43648,4789
67614,15585
12973,1048
2200,796
247,4537
14156,8547
33534,6486
18390,959
5,26051
16804,26423
83434,6180
21232,13917
3481,22395
0,21246
76615,29697
5121,1905
30414,723
71816,7204
0,21246
71596,4018
18364,12258
16568,14527
32773,7634
59476,15608
67760,2407
5645,1528
56579,31070
28173,2603
40357,9580
37074,23236
58292,20438
13970,13750
567,5646
16832,8527
39600,14487
48400,23601
1654,14001
55813,5409
156,22833
394,16626
59471,26344
325,26331
37425,7958
28105,2744
77615,25860
84805,21257
26013,1114
1687,29290
39764,14917
7046,31164
2962,4564
17768,7178
15087,24198
277,5045
3314,11474
20930,8735
87,5500
250,330
454,1552
62222,29037
3933,17546
1512,27626
438,9197
42703,15338
66858,7174
3310,11944
44046,12263
243,1033
50913,5326
6824,25028
7382,3130
3807,19388
20379,24167
1872,6744
18870,880
51,2703
7626,2392
76054,32012
61347,7506
28501,22325
33960,850
4070,904
51120,1594
2513,26004
1414,5950
793,7410
71523,7211
2332,25309
48701,26458
43817,9116
45939,3048
12356,4840
57158,28574
7563,31698
19363,9398
73134,386
31173,5988
17866,12665
12601,2894
26451,16426
62844,3330
353,12175
63954,23192
44930,9008
4875,7452
1821,13173
46929,5850
591,6879
5125,15550
80856,452
56525,28515
7916,32146
1941,164
13313,1955
44124,6165
29977,6770
16,5346
73359,28320
3213,7155
78856,30664
52912,7058
20665,4492
7607,6878
10623,460
47022,10967
623,6114
8561,15889
15031,17032
3875,19598
6062,8142
27325,425
75827,4137
15646,26781
546,19367
35303,11699
38511,10482
44137,18068
696,10302
8743,12423
214,18361
37563,23476
48041,9431
75799,5435
120,6303
1106,32036
22590,128
35347,5195
66116,1196
20472,29828
1197,907
16026,8747
81535,20593
33621,12580
11007,26994
57304,3244
39191,13767
26605,26832
1508,19561
6972,20385
1246,23052
95,20355
32127,27844
9078,11802
736,18482
53854,1448
18654,19627
29424,12214
11,1257
17838,30374
1208,5128
316,24008
11830,14374
4959,3009
40,12644
2,32595
629,21045
66,6479
474,670
22808,15950
7350,29476
4891,8003
4422,9156
36335,4027
6813,15135
69054,1519
86296,50
516,22226
7967,5656
38341,10383
24456,14400
5252,11671
6956,11748
53084,15136
40352,28509
184,13075
60261,11176
52629,17782
39395,8146
38078,3792
3057,6197
40609,9163
6681,10075
30136,4305
2128,21645
83852,22334
15436,712
9827,1339
25809,7573
1205,12684
10644,26741
31973,31397
36032,5602
11228,346
77951,312
5947,10153
44000,19059
42130,3252
65632,18468
53743,25073
30777,32857
8434,13001
49089,6760
19191,18652
41354,9194
13993,17005
85453,14164
30586,31513
10225,31119
941,18442
2735,6265
3808,21269
7558,22369
3271,15490
10255,17301
34161,29941
4667,7802
47941,14484
0,21246
42637,1221
693,31555
58382,3314
54918,24457
506,18444
72374,7202
5384,13311
56493,1220
146,8091
628,28535
5030,23322
61954,29528
410,8667
63239,2900
25420,11609
0,21246
766,22606
48179,1594
3144,24753
961,6450
20283,7054
31402,20235
2291,9489
45310,2566
68442,13662
74869,1880
16772,7730
14659,3129
84994,24837
42439,30621
44205,27861
19965,6922
53934,29008
4075,24977
4143,25544
19704,16587
23240,3116
9083,5611
7554,30217
4998,4465
107,16308
2,32595
698,13370
837,23030
37666,9722
24358,6046
2117,13361
27904,27371
80983,2306
3418,9431
7341,29452
8754,2469
1947,20617
21827,17688
46647,1595
3689,512
393,5484
867,12915
22055,2520
19567,5938
52122,23349
63746,21452
18990,18203
82228,2394
4761,463
20985,7043
2,32595
252,10155
1605,30955
7797,6870
13829,9083
30823,21174
5,26051
13090,29976
1,2459
23857,25836
21933,29027
7147,31621
19106,8793
60353,363
28944,3378
1569,23881
49981,20326
31801,4009
88,11885
79912,17617
27480,5715
56048,29778
44991,7166
14206,12043
73240,23235
62261,26308
56278,27582
58475,2669
30274,611
10,4994
1,2459
55695,33455
263,6377
76265,4925
156,14441
17208,30638
50,11219
7376,20836
4744,10400
3140,4217
33227,2634
27006,7755
68193,11848
17,15847
1771,25133
6225,12534
571,2238
8174,15232
18432,5803
7710,8558
80544,21445
925,13213
15,3131
247,4537
19936,20503
70553,32369
25120,7959
338,268
1143,13997
12892,13604
344,15030
78894,16115
38121,6395
36903,6110
19260,7415
22884,14069
1069,14361
26074,25314
81022,2173
48093,19639
3426,8345
52047,15379
51371,17488
5,26051
6075,10006
64795,2875
1420,21135
16059,11805
15015,7237
41552,29178
9210,31894
19935,3274
13372,18246
6990,8086
75419,2876
75131,17089
5623,11396
24116,3079
2937,1482
1401,328
52273,6016
58125,2737
1941,164
11244,30368
1659,23880
52032,8162
9016,12402
30852,18684
32708,21196
43993,14869
26889,720
10316,22249
15660,23032
0,21246
24031,20672
37537,9017
22992,3389
87171,14861
2669,21196
15396,11734
31,6393
18937,704
12923,29409
74713,21371
40426,6207
63535,1267
1116,21188
21420,16194
71315,6563
27277,21979
20924,23946
32375,4524
22570,3999
166,1090
8943,27242
49853,5495
51757,6669
400,25532
29585,26386
19454,8741
4256,32375
54393,1731
86728,5665
57821,27693
70032,14326
38445,26727
8329,4664
48448,2769
45123,10879
72821,26301
7501,27354
28840,19995
67641,7211
28022,23750
13608,6347
529,19469
1701,1170
2523,29836
2105,19284
28604,16716
30580,15666
43903,21676
415,29292
3187,2633
24,16283
37378,27182
11983,28629
967,26391
3679,6465
6135,13772
72740,21855
1809,7668
2176,8834
6912,2927
2276,27982
67125,29223
1083,2034
68710,4705
44803,28677
69241,27732
35119,3862
9584,15105
11589,1457
2021,378
11983,28629
71216,9013
7002,20072
4280,12035
29181,29059
10991,9401
5240,28820
47356,16496
4,20425
15224,7356
9081,29569
3795,1243
70506,10090
32518,10854
6774,5131
742,10420
20593,3
86115,3427
22168,10040
69811,31388
7536,8759
9776,20494
43612,3113
8937,5536
7870,18037
0,21246
34995,2111
284,23836
15241,7632
1587,13965
194,30933
13242,7675
66324,31799
13589,6959
24689,32129
33742,31184
22976,3483
122,3788
12263,5134
28248,19034
5933,30791
34068,27445
83953,9050
19156,12826
81671,7851
1243,15546
0,21246
10548,5572
76331,9263
48816,23703
4352,264
52011,20895
38661,2965
3224,5887
563,12734
2087,13656
77,18376
4552,15107
45791,23103
1482,25016
23306,157
6743,10002
15920,26514
18864,26499
12893,21294
26473,11552
15562,21113
6928,25278
42903,10269
40602,18761
80886,605
12,24567
3,27601
1961,3729
748,10726
87129,12685
68360,473
19011,16580
61454,16735
3436,4895
45596,21780
37581,30676
45747,27688
1054,3625
639,15363
5186,13290
860,27233
11443,6474
85858,22048
31465,26258
15985,10708
1118,7238
86927,27471
3286,2293
0,21246
22500,23642
9598,6006
5932,10748
7253,5113
63625,1377
86,28294
76996,14027
12816,165
30665,23833
83874,10818
74081,9851
50745,5829
15511,13412
11385,1234
34037,8167
1293,29654
4175,31526
33155,21113
19420,20951
32580,27177
76751,8557
41,18849
16863,2324
461,24927
8667,19646
1,2459
28643,30142
360,32222
24427,32599
58783,32057
81625,27977
41674,6156
13997,21620
6186,4928
70314,2245
23322,1358
6762,30546
44430,12676
76462,19985
34311,11477
33375,6891
25286,31878
2283,7514
13656,16047
6049,30549
17330,9460
52540,23193
58572,1526
1064,15153
82843,13791
24454,2942
21462,4067
12460,1952
29352,10277
10068,22518
21969,16087
45946,7049
33795,13421
3,27601
1353,15200
21928,9119
31843,9747
4903,6223
15337,2533
86446,2544
10,4994
2725,20441
17867,25711
15249,17399
4487,11923
137,15995
788,32145
9414,7173
23604,19014
38731,7246
36040,15390
4786,15602
38962,18634
82671,2705
23096,8714
18799,729
1856,11312
56930,15449
12630,8418
1036,2199
6762,30546
65119,6653
27758,22570
27279,7005
12079,8599
85635,6291
69624,29382
42628,4987
3625,7259
1191,3032
5420,1509
35604,11091
22664,9707
827,6096
49845,32511
290,21390
9702,6449
22,32746
80522,30531
15142,10096
467,31313
775,27070
75547,37
4193,2
37773,24421
23988,15985
11682,16134
71497,22702
73568,18565
1870,11224
17387,29486
24428,7007
33667,13929
48491,8066
21509,32599
2995,6024
29757,9765
5149,13903
78659,14226
38922,3682
2042,14250
2884,7649
2360,6393
47048,32359
845,21140
37345,30184
10452,12979
518,16566
50975,17898
6682,23959
55686,15338
30832,27175
55814,28081
80170,22674
13765,1414
77889,365
3124,4002
0,21246
4734,19530
363,26570
66427,22630
4420,24636
19311,5752
21569,14261
1586,11235
61703,22206
3485,15385
9185,10107
18044,6152
5238,11684
37568,32322
40518,22779
17789,4544
273,1433
69545,24905
55773,26554
40306,71
11053,13927
7445,13747
800,1634
52476,23816
44096,19661
25520,21430
1040,5104
29131,1227
18588,32421
10697,12193
87064,17168
0,21246
26313,8418
84006,19653
6010,585
12975,17766
4416,17973
28949,10559
525,7178
41625,26271
64542,32736
62131,29316
10025,8358
23030,11803
8768,4114
58865,13944
9767,28992
33627,32273
27218,17186
62678,5063
42421,24343
6187,18368
24368,32144
44966,6841
7568,416
2320,7607
1160,13390
154,23018
67568,28625
42222,15027
29156,1977
187,12035
24575,5832
2301,14314
2804,25850
2595,5713
30518,9394
49465,1554
64042,26745
28560,3987
39588,1756
13541,32625
392,1168
1329,85
6731,4539
52540,23193
37693,17122
604,27802
29419,4595
16407,32480
16733,7512
22916,24013
35292,11559
64394,20959
47308,3340
18106,18027
62748,26237
81550,20231
44836,9428
67770,1130
7042,2523
82523,27861
36,12684
2764,24085
468,587
46883,19010
30497,2305
29128,23057
63567,25155
29137,7616
9788,45
3158,919
12137,25843
3111,8735
455,15049
24362,12056
1647,33397
72690,17028
504,4635
28853,22263
29477,26946
44973,31619
14,10430
341,2022
12365,9229
736,18482
65147,5898
65,1499
5604,3369
67264,19719
58957,30523
1,2459
12888,2522
6058,11035
3344,6572
419,10953
26615,6044
24479,29954
6411,21765
21112,197
37377,26649
1200,25132
6730,12776
24221,9867
30714,9881
11792,20015
24155,8443
2756,24684
1927,657
326,15322
24443,11252
2069,11343
26405,2569
8328,8261
63802,20551
23482,11121
76539,17559
3100,8302
1023,32519
36203,20803
25119,12494
9778,13071
5913,2333
38061,2157
40581,13578
36245,14914
87032,31150
3027,4813
30664,29924
76435,2503
35089,6823
65994,3522
16996,470
17031,11500
47552,6906
11424,13702
8303,25958
8227,5501
21758,191
41180,21623
44467,25611
64644,33272
80049,19125
6,26919
30650,14137
29394,13864
406,3369
18574,1455
6100,6807
197,21616
68527,18691
26887,27539
79023,1690
1472,18805
10745,21650
38840,11528
14200,19258
1519,9528
7777,24746
2129,11309
10465,26538
33582,676
43753,20535
1300,20850
59192,13878
2987,17420
23916,59
1606,18614
1541,2549
42848,14003
31633,23461
457,14509
71533,25320
148,9846
5867,14117
26282,4384
4838,6038
52410,16932
27536,33238
7823,6794
954,17713
9133,2990
1214,20655
29376,6004
3797,14892
33706,18103
11737,15787
840,4648
4669,20479
2268,31592
27055,47
6497,10166
7160,5808
12692,24258
53680,18337
30636,3297
4565,1227
57136,17090
58516,2363
30507,27702
1876,9934
21535,26187
138,26810
10811,26418
54937,8036
58912,2759
54643,9086
8682,15405
45000,5809
1130,5570
2353,5012
4913,31274
86260,26419
3322,30092
2676,4440
47004,1165
59961,4180
30546,11560
19923,5207
42234,7509
9874,21799
2771,5811
20528,29920
56776,1788
47453,25517
13273,20784
7776,874
61777,32175
4019,26618
316,7397
6547,17514
31830,4911
49378,13293
1139,2065
39770,14227
15671,12212
93,6722
261,4055
66355,8098
21772,8019
14270,17167
53018,31026
46260,7536
74259,8851
1535,19202
49936,18943
1022,21055
62929,1186
7059,19122
129,11499
233,26199
68712,5764
2892,24431
16904,20887
4169,28333
675,17515
1185,10304
71849,22121
645,20866
21389,14834
58236,8073
3722,873
17500,14685
37944,6986
34598,11448
20342,26706
7434,163
48523,25710
908,29546
56892,4514
4321,4570
4116,722
5548,9238
85148,22492
49427,30263
22208,8570
7427,7072
37840,17011
63290,6149
956,2027
6956,11748
21480,1986
23997,3215
717,20196
40808,6790
13182,14001
9297,10856
6231,6162
29266,30104
44800,25128
328,22448
5893,26136
73247,20295
32384,9699
27520,14528
38807,29476
1314,11500
1028,3073
2692,14995
9993,25926
647,25994
58627,1684
56911,3915
4472,3181
43168,6618
22731,13617
309,15831
46197,15543
3865,2301
4834,24635
175,15968
6170,693
183,28628
81531,12845
56025,30553
31036,20100
7564,5127
66050,28661
43365,21955
23234,3649
5405,28141
6525,4667
12513,5110
30650,4954
46277,3023
62074,8747
10266,2620
10619,4230
71866,29535
3283,2761
23853,6082
41637,31369
20604,9859
28859,4393
1560,29829
217,3213
68175,10349
58069,19725
19321,498
2533,14096
5230,15659
3005,11508
33538,592
65281,5723
3050,6722
2836,372
137,15995
42932,25847
3077,1149
40541,5063
75401,17127
68186,21300
2079,11405
34568,7129
4278,3781
2274,12357
48760,823
150,31797
9461,23904
5221,24034
16189,9017
6641,4211
9865,2101
31994,12753
35177,16874
4241,23506
38291,19304
60137,15111
17860,30150
1409,30793
18442,6404
24,24305
29290,6930
58890,26051
26979,17147
3812,19514
67412,13514
400,25532
58,14087
70977,9682
2,32595
24735,16871
1294,29458
8761,28941
1644,6112
20654,9729
3943,7864
23722,1804
17556,26670
12732,30129
15949,22869
64759,15757
27047,24509
94,467
34246,21935
19309,21215
67585,18556
129,6340
60922,12816
38617,28827
8179,25291
38740,14296
3441,16701
6467,33048
559,27190
8079,11274
67369,391
87046,10323
6269,25827
80203,6579
2656,1893
951,2118
20019,1962
12459,10837
1949,2543
58,14087
0,21246
75448,16821
38888,15130
34582,27244
19371,4383
41863,13784
7595,24374
699,6927
46273,3064
36444,28688
19010,21129
73856,16931
235,16873
5578,19841
5857,28113
84541,28289
43176,1714
17067,32018
266,719
69493,26554
31849,21159
26319,11250
6439,31195
21502,5884
52649,16678
872,25562
5436,3337
52,6659
52521,24329
1933,16991
10306,3451
421,1978
181,13820
3956,1188
32670,27742
27097,5805
692,20874
49322,29308
71704,10131
12149,74
16495,6185
46556,24541
22049,27998
12700,6333
83487,15550
3674,652
45905,8893
1695,6800
11862,27243
10543,21836
21504,20887
48984,1893
3267,18795
5,26051
7806,28774
12576,31432
2031,20226
17781,10159
34914,2851
22004,8153
83639,19232
1401,328
47578,22498
55986,23511
443,19039
84375,8558
50099,15601
597,1395
49010,3949
589,612
22268,149
79890,29485
254,5816
22341,10758
6459,11905
18621,19222
8363,2603
2295,6138
2881,19984
39391,1668
29457,14750
8522,23721
3319,14120
2973,1736
3870,14018
22053,12994
100,11784
0,302
69473,20878
14711,11532
14716,10676
7647,27205
35531,4649
5845,6827
70507,14620
9776,20494
2581,21842
74193,4953
25083,23253
15784,319
1,2459
49211,26465
40,12644
41221,15309
57192,14014
201,16663
44114,13236
5665,23324
13808,19115
11411,17273
84615,6998
9233,27186
70436,13861
49620,15268
8110,5492
35104,26648
13,23133
43668,1354
64713,23434
1453,10721
11320,29480
39823,14028
13413,10635
86215,16027
3963,19914
19935,3274
3455,24799
76362,18551
70242,915
83783,7155
3045,31650
1097,12042
19957,29647
70596,8893
78667,9814
2151,18182
2474,20716
10831,25634
25883,2862
23904,12076
86178,15352
513,25653
33,46
16309,30152
1720,14259
23910,26495
4918,26204
18727,12667
29580,17937
2152,25433
32035,24195
866,1766
18978,2873
34762,2468
61222,19870
23560,27202
14491,3606
66854,33130
65622,29761
28841,28950
39231,25343
52,6659
78368,9516
27207,1142
4190,24347
18677,28603
24433,15206
2957,20843
4640,15170
37274,1041
1461,19085
69102,6883
2856,1459
42571,1219
446,22160
7704,19686
65510,9959
2847,11123
42,16125
87258,24173
18038,12369
4827,27028
9623,1433
36611,13729
3164,11108
66944,12889
6665,2970
32952,3980
5821,401
2886,16865
21530,22688
13369,3144
34917,21549
26458,8036
3487,5256
41507,14934
44650,6236
19629,14467
47500,17125
56464,12152
20592,1067
5768,4609
39470,7378
13699,22769
51343,5349
22661,9907
47482,29272
81586,17361
43580,19452
322,1812
701,11878
1614,25842
80816,25057
15999,1757
14568,32558
51777,9801
1584,14025
74784,7329
2280,21703
33348,9945
74360,3655
40954,6899
1695,22326
1816,16812
2748,1395
62004,12924
4615,21464
1438,243
70642,12913
47874,149
1768,19928
7925,5420
42548,6860
17936,13305
13429,1890
941,18442
74373,12373
36474,1014
6476,19493
19885,3569
51005,26726
4808,30052
24058,26654
66683,904
35372,3419
30789,12929
23299,1080
18292,31009
2862,17836
60683,12838
60514,12935
64887,7925
1392,27492
24124,20172
83068,7082
26468,2978
1396,12731
73433,1813
62197,22340
432,32572
12,24567
12335,9745
6232,30672
13624,25726
5373,556
15683,2122
27599,3720
13135,24581
57158,13208
74090,12746
76375,30893
79346,21754
16971,23428
50469,21112
2295,6138
15327,24159
7532,29133
16784,27239
52157,23121
4871,19094
25710,1281
85419,12206
614,27441
6061,6747
23405,15537
371,33524
71819,17686
81410,11312
26079,16255
69879,9421
4741,4964
51789,13149
75708,14322
66,6479
29371,8725
0,21246
20003,4702
56236,14487
992,31079
11050,5799
17148,26670
53,29242
16285,2378
33676,11152
60982,17267
53,29242
10875,21170
2836,372
632,16234
67445,18725
29144,26688
7648,3740
10522,23345
83537,26264
52664,27251
5798,5653
1302,16508
82206,13232
31882,17998
73721,26052
1444,9551
4816,6866
40377,11682
68219,28217
36523,17842
298,21501
73856,16931
11117,32834
31085,27583
83821,6496
3360,25437
33967,15458
59454,12789
61533,20991
76548,10883
6085,11077
23007,449
275,4416
54036,23420
71004,21736
56145,15452
32,4280
37498,13525
10583,2028
50135,5290
41368,15940
700,6288
18950,9821
7918,26283
41023,1505
8326,10410
42,16125
65240,31998
31583,18201
20458,5299
68374,1024
57030,20553
856,33122
30672,3329
3329,6092
42260,20131
30041,7397
11405,14094
72638,4480
9459,23609
37314,20824
3142,5119
617,21591
38561,27535
85790,16295
1511,427
75868,20158
68540,23107
1988,6027
559,27190
10,4994
2426,17560
65044,14212
79855,10928
299,3852
4230,15098
29805,21753
72346,20004
47198,14655
89,6932
15564,30159
76084,24828
4105,15322
62506,18723
9485,28150
6350,18959
74007,4069
2311,216
32809,18679
76121,18109
77718,92
3232,12928
30179,9099
53399,5822
83863,1135
1257,21227
8,21544
18664,28467
37073,6183
12112,8878
26796,24457
80703,7667
15754,488
84286,22192
25700,7531
12425,22785
42326,9956
53805,23746
13693,27186
1050,11187
53456,98
6101,25784
76,7485
9484,19680
58549,8349
14270,17167
55151,28038
42889,22278
86498,32497
68940,28606
25077,32766
7744,7759
33270,9983
49336,17730
9792,22327
49401,28447
51169,6776
9462,12075
3756,26601
12188,13137
43813,27352
49467,144
1232,54
79260,4485
406,49
6577,2770
975,4532
6436,25017
1960,21006
36636,24735
12497,29395
31293,28589
17987,7946
20788,1830
10147,14746
500,3014
4665,5433
14587,2836
8877,23586
157,5764
3172,11744
10570,11428
14890,6160
74437,30129
29148,337
27090,18575
33668,23027
46876,1838
66929,1943
9123,2633
1238,20592
66863,3204
2035,1122
32762,28262
11764,25206
11551,32693
39380,21223
35,8832
55870,15232
22880,2872
71481,15014
1718,3387
83962,17503
44297,32312
37922,6288
34082,7210
78850,18040
627,2378
623,6114
1444,9551
4338,18179
487,24720
31139,15817
54053,32659
9366,21813
932,4562
3925,5405
27406,27817
327,6480
25257,18240
29,9191
50633,13970
6051,9335
2257,8798
24953,600
35829,27519
39778,3154
18379,8767
35071,14538
56388,5886
18229,4446
31669,466
36388,19499
71558,27012
614,27441
57556,581
62072,21427
56378,6806
5757,19116
86175,1777
29561,14132
34273,31027
62424,12512
283,27678
37492,950
5085,9220
523,25969
9,10080
29012,9827
63187,8342
76602,13803
227,28574
12313,11028
20716,5786
236,28156
31465,9795
72391,12081
58994,3323
41598,1314
26380,8885
21405,5866
16910,16982
2389,6685
36072,15696
1089,30876
2992,12107
38816,1686
9621,5186
39821,1243
62058,14151
17975,15562
64365,11723
26,19934
34116,8243
6770,27093
18838,3293
81570,1977
5996,3040
2924,32784
33805,15160
29437,19046
3292,935
52381,193
63676,27623
59639,24240
53597,12714
132,30881
2834,15726
2794,16009
54879,13878
67858,28281
1,2459
46037,21196
6613,14535
1,16374
32957,24201
408,14509
64552,23170
53,29242
58766,33085
2739,10466
40657,3406
87212,28814
48356,30903
3534,8261
71991,18044
44935,28666
4858,20883
2728,9042
13862,30983
154,23018
7203,14751
3919,3675
494,6404
72142,6684
8271,24403
16069,33410
77669,30255
19915,18480
1133,18727
37696,7222
68615,25957
20528,29920
72512,31268
10835,17368
25077,32766
78093,20782
30225,13785
42855,36
66848,4678
10052,14545
25619,14103
26135,1425
33643,17669
1132,30646
45425,27079
6,26919
4071,25803
83225,10190
83699,9283
933,9504
10,4994
426,30085
48111,27341
50260,19532
3551,21283
53064,424
45625,26949
60063,29747
16439,5286
37572,16955
24900,2331
335,288
10603,30550
1652,11018
14451,7661
32684,5849
10651,8991
24428,7007
492,17969
10314,25466
9641,11078
86706,21316
7231,22360
61358,4037
62107,5578
65825,1277
27743,5274
40620,26398
17873,28056
37634,23567
30,2794
61792,2794
2989,32863
486,17264
17032,4943
4316,28922
45454,12735
69093,396
37150,13827
53594,856
5656,6672
23086,27654
37529,14716
42484,23808
1,2459
38846,21916
6294,6039
3502,4350
49254,6396
67180,28221
2055,22120
16380,1358
77783,17762
44314,23081
3450,29733
14305,3781
54172,24711
24150,25066
78311,21395
2076,2095
18,31837
2300,26525
1846,32361
43497,8090
86770,12922
1663,3580
77375,22045
1261,4684
57332,28923
59036,7391
36,12684
15639,5862
155,21521
59441,4537
44512,1528
14006,23171
8495,23921
1016,1290
1,2459
1728,19325
22103,6208
10639,15069
34278,24762
4991,396
48307,18444
392,1168
21781,19537
46343,2558
68206,1555
7523,19488
21512,11921
472,3361
115,20235
1259,7012
26842,27912
1626,262
57755,482
77034,31296
5052,160
55181,4180
9486,18109
77,18376
24337,8481
41427,9656
15726,14351
15136,1313
7185,10115
20437,7169
17566,1468
45575,21074
1067,813
360,32222
73819,33105
16877,21155
67377,15248
516,22226
82403,416
20419,17495
7036,9203
369,655
11506,32947
63391,19472
77,18376
4726,15165
18521,744
2206,23640
87194,21720
11452,22624
1192,12802
261,4055
2425,16393
12312,23422
455,15049
3659,24358
51657,6645
28728,4881
488,6732
57154,18505
72002,23864
46570,14245
1546,6626
41549,31959
33960,850
9236,3667
85728,3286
40586,8688
26926,2943
4028,15023
10262,31349
45,2761
73789,21335
19822,2496
11404,29119
65562,9551
56822,13866
23814,1939
26062,22597
77644,18524
9721,6404
37001,17123
1148,5517
84838,27128
46466,28466
7010,314
11812,8498
57439,17628
23580,21240
584,19967
2224,5646
33714,14429
23999,9851
67902,20028
7963,30412
24257,3722
81884,1048
30081,13791
10925,24064
3737,192
4456,8841
169,9471
43919,424
75598,11275
4934,3370
28,32801
81774,12499
28687,4036
88,11885
575,2752
26946,30627
69943,3527
25420,11609
4523,9948
43803,1951
12599,21415
12872,16787
0,21246
44619,30840
20770,5427
32994,11198
82582,36
2,32595
1471,31841
2041,5010
54766,20737
37321,13074
4110,22292
57134,28727
71598,32070
15128,12701
38209,30957
43758,25029
50046,18652
17427,7143
46072,9919
8778,11512
86314,25102
25181,21809
86928,4910
53,29242
12796,26628
29027,15707
11359,19284
11622,11746
1092,25266
69146,7411
19366,17313
7216,14168
12839,12250
15641,23166
43956,15745
69704,12119
79208,8138
51359,21836
6,26919
52957,18915
388,19443
34,30069
8668,20908
23316,30765
9524,13597
10197,22166
209,28574
4961,10428
1929,11751
4536,15107
10,4994
51370,17049
36670,26134
14860,10255
10219,16835
51270,14279
382,6608
73069,23008
10494,1861
6589,23292
73149,8167
19054,2200
10613,24793
59101,17432
22343,18382
2830,5782
11334,14396
29838,14060
81301,10743
28,32801
13312,25699
67222,11838
19768,16905
10173,21894
2582,26231
26522,30314
14579,7121
11195,22386
9911,21545
19416,13192
73398,7172
3032,23259
7300,5316
53825,21285
23,24858
13754,8268
23759,25391
15526,13378
29618,25764
1718,3387
66292,8056
27835,5807
37484,254
1140,19357
28635,12065
10304,16309
74530,18457
20965,17645
86915,12217
21551,14067
9,10080
180,16908
39079,5654
51776,3040
485,30793
26315,3130
2461,15879
46431,22416
61194,7838
44539,3191
65510,9959
54782,21679
71054,23999
45862,19419
83763,21734
18587,4612
124,7310
12434,8436
76188,27282
12567,28113
8962,14513
15156,3688
48347,12830
67043,2671
723,20764
52460,6064
7359,20106
14356,7626
27314,24443
74582,3345
28529,8544
84615,6998
44953,2159
38567,252
64844,1081
45259,31692
962,21597
86799,23898
37471,6048
49052,9457
70984,31646
902,1211
73784,3766
20839,4145
8354,17483
84879,11151
3081,12458
49550,28091
15616,6653
15630,9434
15593,19388
33000,12724
12649,7700
44098,23391
74965,9537
11349,12012
53928,12907
40245,9572
14051,21843
29158,33273
48845,16918
84262,30559
74626,6863
2,32595
15989,3035
24035,21850
57172,28877
19100,21850
32422,2971
68992,458
168,18830
34,30069
70379,11806
65,5673
35396,21138
11792,20015
3593,16168
261,4055
28441,6477
53351,20587
81610,21929
39766,998
5320,3873
11536,23161
20222,30277
5047,12674
37154,31426
21719,2773
52004,9360
75743,15193
32777,278
53415,12437
86569,21694
71610,16653
66957,24560
46212,19090
9355,4308
19648,7351
27532,7195
33202,23865
48097,24879
5376,4597
7826,2999
4763,3818
12431,8023
83353,1671
7329,12946
7504,22005
26259,2907
1136,28497
2804,25850
27823,1145
30565,13742
2,32595
3565,14727
40225,8404
26536,29513
837,23030
65230,4125
1753,26207
281,1092
77644,18524
30402,20748
27316,2183
76939,14231
1145,10790
24993,29688
0,21246
4176,32389
19275,16741
68654,1102
4468,15049
66102,25862
10033,17626
11544,4186
251,14228
69881,27668
6269,25827
22404,10989
5809,27289
2613,1351
3381,1039
19537,19696
19,997
6724,15856
47084,17084
440,11685
36754,17634
19,11835
75638,5763
36976,9494
63702,15422
66993,11501
21267,3217
24572,32064
19,997
70401,33013
13176,5562
16178,30540
38,20192
322,1812
24252,18187
5,1092
46289,2778
1147,31114
39427,569
16219,14487
71367,14441
40507,12346
9518,5957
25636,24436
2708,4171
5,26051
1156,17199
36133,17676
252,10155
6227,6247
22314,3734
5626,15851
125,30400
56807,8133
79684,25172
47477,4060
72618,17311
16820,21093
5777,12638
17900,5377
61540,13547
18981,4664
24887,1444
34159,21329
7804,23590
80373,28505
10220,5046
4053,13675
16009,24507
8558,5291
60827,12360
45481,18010
55178,13272
8393,28552
333,20192
9722,435
5237,2273
32237,1066
34161,29941
29929,23616
52562,27018
8687,8699
20510,19277
22923,18204
7843,6092
16040,20645
46008,25438
2306,15742
2266,1878
63075,6741
1267,6448
266,719
2844,6831
53715,22749
45134,20179
26719,1651
17970,545
43510,623
3040,181
8749,301
17012,12996
57604,7586
2173,31920
28215,25370
44142,30288
76376,7837
55454,14680
37915,2437
16624,283
17720,12350
70652,30753
68954,13666
68348,23638
376,18068
74042,19204
78572,21363
7447,16257
28507,903
75573,19461
2167,23736
10443,498
17243,14302
65871,16525
33427,17550
2044,3445
26690,16565
3916,9486
5995,3195
26516,19475
12325,5333
4240,5188
65554,22512
36051,26210
10289,6994
21154,5138
43622,26475
12894,5528
2406,18868
21131,11001
7714,10638
60818,1563
44433,1074
8322,2832
1168,32156
12683,9580
39827,23626
23133,8826
11227,32816
2627,17925
30057,12477
66522,15844
54475,18933
5073,8984
14733,13048
11862,27243
266,26706
193,4318
280,27803
16116,29060
42869,6020
69957,19546
20949,18174
49966,25206
13019,3933
18816,7088
1132,2627
50187,26787
59191,213
8387,3414
11067,16657
10310,13000
42690,31086
3,27601
472,12340
47579,22331
6,26919
2972,13486
31740,20161
2077,32416
40009,8061
656,10525
266,719
325,2407
25246,14886
49135,27318
46173,11213
82048,17282
9064,18809
9,10080
11756,5509
18351,14905
8110,5492
21428,6552
47696,9539
5486,25495
25677,1408
4146,21626
70001,4115
15556,10350
76269,19315
62382,12558
10503,29608
19231,23292
82429,25263
2025,4404
718,16329
73674,16374
55035,1039
35544,18848
531,11835
7,10478
24769,9126
52149,4668
29508,15137
2105,19284
40758,11962
47501,28016
2866,15293
67020,2974
59126,32613
34663,9127
33834,30704
72417,26088
12341,30411
57352,3929
1224,23897
3990,17304
27626,12320
82691,6990
8208,12499
0,21246
67499,2010
31367,22229
42475,2118
77023,2235
27325,425
457,14509
16151,10524
36994,14645
60,20730
7692,8040
40085,2478
73498,19786
2289,17740
24558,18571
44173,11018
4674,10806
74985,32523
50234,3705
24552,1613
65993,4551
12780,11394
8615,8822
35337,12747
51932,16911
4272,29423
17682,277
8000,8690
201,16663
11604,20355
2165,20312
2471,19628
3534,3410
2038,22499
4605,14417
56001,16175
47572,25088
58702,30197
6,26919
84176,16312
11572,32526
8681,19781
71595,25248
6407,877
27078,23916
68844,1299
32218,5229
1224,23897
83761,29613
14143,32454
3622,5965
429,19499
19610,27120
69741,31290
3101,18258
73804,24488
64462,2764
45,2761
2239,273
1572,21
1596,18612
3500,29076
27801,22127
5244,2275
11423,14110
68168,14492
11951,13100
7707,14892
12529,19068
1834,6307
1460,23872
658,27841
23574,1521
2039,9659
79191,32233
7,10478
14651,9340
233,26199
2269,30550
17645,13006
23298,29189
104,13630
1636,8678
20582,3830
62673,32287
11819,27214
25365,7964
29798,1991
41677,12226
4497,867
427,31138
29900,19144
4456,8841
947,572
36795,48
84102,21211
76691,9796
14224,8732
25140,23131
33133,7466
40521,1289
32175,15183
17763,28628
68732,31114
7970,13613
3101,16841
4265,28095
44454,19394
26840,12449
36515,12478
710,3940
31162,29365
39578,3095
6987,109
32159,11249
55783,3246
18153,12122
19410,1918
22023,17422
47386,18346
20251,15230
0,21246
8574,19953
602,17231
3151,10389
22101,18941
20860,3583
14201,6204
10867,10095
21243,13416
47734,9072
17686,12162
61714,16870
36271,15346
29139,15319
2124,18305
1,2459
61,2147
44268,31637
41961,9881
247,4537
2903,4340
25725,17094
11628,24080
62248,4023
6141,8107
1451,1573
28015,25901
3549,8849
73085,8108
42649,8382
38895,5937
13676,26580
49571,19117
71429,12441
50673,8887
602,17231
41607,27918
2811,6875
82306,24555
894,17102
8040,19195
40857,412
54643,9086
16788,5657
85415,11714
58419,9653
8940,26556
38795,25711
2297,455
82272,30724
14557,15557
1786,28350
18613,218
22596,1830
47574,5716
45083,3337
17252,21506
79111,19048
41288,1280
56967,29964
55917,30083
51519,22439
3872,1468
1682,12134
4464,6406
86872,5382
18054,4603
31592,19215
11363,13361
23832,11494
55552,19991
50823,12942
41259,17659
18591,12783
7471,10404
10855,15929
1422,24929
44686,13078
34710,11023
50630,25410
39877,20386
25497,16583
3533,27245
5449,3556
9774,13574
1319,455
70090,22037
11620,19115
578,1520
74675,8251
50687,22990
80508,3951
38,20192
69513,16161
31918,204
82364,2169
4,20425
3164,11108
1933,16991
1598,26878
420,988
42089,20877
69324,165
23102,12945
43224,716
100,11784
1658,10664
64840,21965
10572,17947
86709,3360
40477,27397
2952,8209
151,4355
66715,32952
35391,3852
1670,7646
4126,9746
28553,3145
231,26575
944,30135
220,4598
30552,25969
35072,23075
13184,5948
19874,13016
85728,3286
2307,13248
13050,8285
30,2794
870,20247
3580,5251
7884,32908
587,10097
36191,25168
5138,13150
16036,13281
38187,14366
10744,358
6607,22105
14307,28887
78328,1139
69715,25367
70623,26004
59082,2314
7670,26937
76187,32285
49794,22256
644,26960
8620,11988
5729,6471
15260,7080
3297,5011
8572,10727
51521,3746
17897,21069
67645,6008
317,18944
53576,16262
4746,19724
850,12278
29585,26386
41720,14267
15857,12808
57535,24390
19552,12121
3166,28909
86590,13355
34536,28522
23362,13801
18299,32550
188,3941
18318,28766
52558,19326
5590,17600
77644,18524
7700,16517
45843,25856
24044,19578
3862,4180
39,3847
9895,27786
6183,6363
29003,26445
262,8458
138,26810
86799,14462
63530,1643
12536,25549
5847,29808
32271,9615
24828,1235
75813,6504
66110,29174
2189,26705
29486,8923
3977,21326
9877,31573
1968,1596
75361,21499
62238,490
5954,10092
50888,9597
1256,31239
32537,16115
17123,3945
62493,4854
46075,3514
3103,140
633,29154
10941,20931
1402,21435
15449,29843
33638,10134
4361,13055
12292,19217
71690,23274
1946,11912
52815,16075
29115,28555
5835,17902
52645,20095
14819,29634
9538,17388
8863,21982
374,24607
21708,18241
3119,20831
23291,23315
50287,33311
8172,31436
10507,2475
28986,24645
76471,27365
80055,5702
69563,25479
10694,19930
44271,8432
72753,16541
12774,16771
19516,21450
70351,1572
24764,1246
12376,31059
10,4994
34197,16060
29159,21314
22,32746
2243,25408
83318,18936
43858,16854
2182,21876
265,20645
8865,22552
78466,9811
73475,12475
43106,6930
72794,7711
337,27354
39312,2248
74406,6384
40562,2753
15634,28559
13046,1929
222,6122
72960,2425
29246,9322
74585,4601
3895,20737
41671,23188
72938,4967
2805,28708
36,12684
12,24567
64331,1578
20287,14640
64,14683
3404,16426
46012,12214
4348,11338
52489,10678
53,29242
47814,8571
353,12175
205,17917
1040,5104
63700,7208
46698,24692
47460,27116
15887,2841
43619,18416
19632,24537
5398,22938
11134,32475
33185,4842
84057,33357
86140,9885
3644,28028
15385,8545
430,3413
12406,9752
6654,2709
40683,28500
24097,2438
45449,3593
63055,15072
35399,14656
7703,3481
36701,4465
54207,4050
22616,12134
14388,24261
46039,4312
34,30069
3842,27037
2971,7895
24980,25978
6109,11124
61063,33293
660,26339
36943,14635
11951,13100
14220,8995
25157,1852
238,2821
4748,30073
34645,17416
20216,445
21109,15924
16,5346
226,10496
10592,10295
34973,72
16,5346
1485,19805
51635,24138
3583,15659
395,20825
11519,7841
28806,16921
13892,11182
53105,1977
277,15908
36451,12349
78955,30515
7280,3784
78106,14824
24614,1404
31383,5750
46351,10470
19888,295
1784,26437
4706,16911
84423,13774
2221,12105
2405,1180
6319,31296
0,21246
69284,13097
22180,13498
34428,24042
73965,267
40847,9321
13459,1275
46854,6379
41405,1610
55604,17021
7,10478
679,675
0,21246
58534,2644
6516,23577
15980,21793
63436,21585
16063,2006
4332,14538
19987,24960
31277,7966
30266,20018
13669,19037
45184,793
6305,2789
34818,18054
8925,3120
6848,28516
76333,23674
18081,13832
1902,14731
9302,12517
73726,28396
7092,32264
58150,11692
15785,5952
6076,17907
35293,2850
9021,31
59315,11103
14054,29891
52266,15662
21785,29867
14192,17204
28085,9872
17917,26366
39261,9744
2047,56
61543,28692
59444,9160
3497,18476
67356,12354
56303,4010
1870,11224
67196,7705
6391,3930
66683,904
18962,27624
11529,11163
2521,31447
6348,19476
4813,1692
27873,26416
2,1396
13504,15399
25967,8121
45837,8
47795,3268
844,7667
20607,15268
3534,3410
15415,1100
3756,26601
14866,10049
16,5346
34845,17279
73754,7558
57863,3063
28677,25686
72777,30790
76050,23195
14144,4819
42461,5234
200,31900
41461,1372
1231,18781
1486,27665
17381,18780
5271,4905
16092,12997
25451,22705
21,302
43667,11067
42343,11968
11666,16776
15659,23829
230,18287
2519,14515
20192,495
2526,27046
84799,11154
25180,31978
29396,5625
13626,212
41,18849
46553,890
17505,18366
2872,22155
10907,2902
69998,767
2655,8769
21654,18500
58019,24069
639,3410
54304,25262
24631,7310
4937,11711
50953,12376
18377,8476
4054,27050
64455,15232
45493,19215
43348,28335
63781,4118
43616,7814
31484,1268
5756,4116
70815,4732
1092,25266
15111,8442
52229,5671
43015,17807
56020,26721
37030,26029
5562,12154
67385,9601
6035,11256
2825,25355
34425,5383
58391,14886
39328,32281
10322,9380
1897,22966
18920,15560
18198,17581
38039,13592
16608,23225
42419,1675
27912,27984
1042,1371
15471,7878
76221,28045
9748,1609
3,27601
77213,4452
57652,2397
641,7204
20513,15987
65310,4320
51556,1377
19423,22191
211,7201
4010,24871
18161,4511
68702,1076
594,15844
21543,11711
15722,26838
55021,4015
35305,28836
22284,13500
28646,26509
22016,5024
16256,26597
17,15847
10355,9314
2384,4619
79760,28776
46771,1182
31,6393
65059,6228
26619,16171
21,302
1797,4682
15242,4521
32015,19669
6815,15839
41131,8264
1238,20592
5812,9709
5679,32641
1315,15931
24155,8443
84183,29569
58996,31087
1563,10987
68165,13720
1546,6626
80897,4239
801,5428
15174,25143
21813,15781
86033,29279
2047,56
11354,6229
807,15885
101,1317
54432,184
74290,31624
72570,22712
5690,30664
36931,17840
1000,22780
1440,11602
79538,13264
63730,26071
581,5882
46726,7642
66062,566
931,8986
11467,6671
19768,16905
26143,16108
13484,21013
3787,27351
11699,13111
18394,19772
78957,18797
1536,7893
17154,11015
1851,26952
68822,5445
1800,23937
330,17883
11340,9967
53847,24947
831,5827
81664,26137
4535,27193
50,11219
63600,4075
1335,4631
2566,306
19051,22136
8183,4668
9966,5539
9193,22123
173,18389
29831,13025
45577,19910
2244,14466
26521,28076
2084,12632
79967,10053
783,26112
11529,11163
61168,17254
44778,1161
29879,4657
66514,414
5551,69
1409,30793
12185,33530
2129,11309
2305,1318
51346,28703
30244,18668
11538,19223
8482,18628
11497,19315
2658,27348
3969,5584
83,6647
81351,15723
1832,13044
74881,24382
0,21246
28735,28767
84617,12870
83015,24457
29193,4161
27264,12556
52892,16841
23916,10350
85295,22983
21225,22596
22773,11461
49242,14828
14541,19365
16956,19301
71902,23862
51032,22695
5039,16473
1943,14165
29622,14774
16570,29114
5667,20896
17200,12675
24900,2331
66275,14756
484,14860
3192,17923
60468,19282
0,21246
79785,9226
3743,13132
86959,9588
25589,30240
8,21544
45804,557
1787,20311
2113,28894
23819,14264
41965,8807
3288,29881
10124,23652
661,32689
54400,18612
24218,33314
85431,8022
81082,28170
0,21246
5068,29485
15551,15757
83311,31772
5,26051
22798,2477
51256,32071
50995,29862
52777,20582
221,13389
28358,19431
71742,11310
3272,32601
5962,20422
10634,28559
25383,12505
39869,3800
60717,32212
64129,9613
8381,1012
47942,21054
9651,9975
11918,19463
823,7412
6149,17244
1096,14786
17372,422
18280,17347
78061,25365
10470,1845
27778,3745
18,31837
54435,10438
10568,23027
4645,14031
7694,8406
14654,1587
15528,2212
13494,21993
42869,6020
34526,25535
48058,30646
32979,27037
85137,15195
13674,25889
50696,17087
3294,32682
8121,31979
4133,1487
64318,1959
15789,2862
33311,29345
23707,20021
75,7238
54794,9399
85060,24015
50936,25310
82186,8161
7191,29513
1339,4469
20087,1721
3208,4958
60376,30399
40704,16822
78324,16606
14267,11449
70647,32752
1234,12257
56060,33537
406,49
5758,28100
12365,9229
62375,2974
59658,5133
19003,11408
28667,4929
23062,1841
12355,13267
3766,18746
15291,1012
27303,5136
5832,7001
10305,5976
3016,7997
73561,9752
11791,10279
38643,1152
15760,10584
13818,7988
35621,25201
27385,4290
1712,30318
4307,3511
4172,25114
55207,2872
21815,12728
72886,22819
27959,3544
68391,5858
236,28156
19822,2496
27717,23456
19053,3331
939,4959
108,729
157,32051
5669,1273
57943,19624
73347,32406
2961,23398
39,3847
361,15375
37585,32013
5779,5453
31740,20161
68186,21300
9379,10095
21076,788
4074,6849
79642,32887
13909,25935
45017,4580
7492,448
7257,554
6286,30513
32972,25519
10499,17066
30482,28644
14384,27214
20064,23210
48855,4250
18296,17114
7367,15065
21714,8403
52063,2336
5833,9894
14928,4943
238,2821
73687,12910
602,17231
38667,2805
30378,7117
23157,27569
10053,937
42177,9048
7108,17200
11869,27722
54256,24799
79220,1897
113,7731
1047,5565
49661,372
30,2794
1261,4684
5807,15623
4605,28415
356,8403
6407,877
11034,304
18897,31001
2710,26773
3025,2026
14532,15793
80695,280
6709,11936
49231,15095
5345,528
32153,18098
17131,2057
17148,26670
48374,13149
8595,6525
2054,18750
64421,22396
65676,22222
64561,5544
5189,13859
51488,27088
834,31165
24604,9022
54504,3796
61384,9364
727,4628
6636,23449
3668,29191
45356,28688
69241,27732
31257,14313
68720,12159
5564,1451
61916,11909
102,22880
45664,5546
12606,22291
36778,2960
83758,3805
124,7310
869,25954
38973,24048
51733,33533
1621,6208
50555,14192
489,7919
9036,5115
35447,28003
958,4744
24622,12197
72421,7038
61012,2188
18701,23862
384,15031
31265,7065
24983,9769
45140,2186
18285,2983
46244,4630
38949,22241
20768,11379
41582,19421
38292,6658
15662,5158
52601,3356
1313,31097
47467,22983
13384,6410
43017,21558
81928,3407
32770,2983
80964,15554
60998,24521
7165,12045
8140,6118
22451,24546
58322,3085
2829,8339
341,2022
7803,2703
8544,14067
72451,27581
6019,15795
38266,6129
14,10430
4177,2216
407,8531
54546,18920
6246,1306
22342,17552
13774,26967
15806,4043
12433,18785
12891,4181
15476,4490
74438,8193
531,11835
11894,21218
32772,26447
22521,4305
83267,9131
4,20425
13988,27947
4725,32111
15491,27239
3619,5459
45476,1782
7713,19127
10410,19273
98,11469
11200,912
2932,3828
879,2705
14782,21968
59425,9938
36534,19708
49459,8963
2813,26238
38832,18470
24888,6913
35522,1279
21072,11159
70879,14488
65760,4769
333,20192
82892,7233
9563,14565
50497,976
52231,9342
67600,4139
18696,31907
61214,4125
9547,32244
80547,32236
68232,32076
73948,61
33096,20213
36380,170
25554,6824
47783,8249
92,3813
49307,12614
45241,6684
84880,838
27770,13258
24122,5014
1558,957
40,12644
277,15908
58412,10016
28668,25565
4101,11010
1498,21823
84130,12751
74507,8286
44936,16029
56485,30441
52487,5083
74333,18874
359,24765
59822,11705
44096,19661
11714,22358
9,10080
73092,28917
16330,11736
43789,18189
203,9306
38709,13864
84962,21930
85990,6293
2396,20233
80656,16827
33869,21006
28177,1269
53432,30882
77165,24471
20864,9493
18292,31009
3797,14892
2527,1620
24630,15317
58920,788
17358,17979
28986,24645
2931,29901
8872,2851
54525,18580
0,22833
27174,26546
50,11219
10951,3614
949,11586
8136,3425
71645,10953
9030,15085
206,2509
2082,22645
49861,3530
16843,9422
2271,18967
6982,1385
3149,2347
76457,15966
38847,18122
582,1774
5532,16088
16606,20414
32028,25320
42142,14288
305,26966
41185,31470
9287,19389
6763,2025
22844,8762
11053,13927
17700,28204
63516,21910
11568,31458
39124,11102
66789,20767
269,2245
15746,25477
27837,6038
222,6122
3765,16901
22381,6120
81353,17990
11754,16089
59725,11109
23341,20874
86443,12782
28,32801
87227,17825
360,32222
1571,29978
57364,2812
57921,26035
1121,19514
66659,6945
75501,28502
51640,28200
34033,6235
63371,27445
19361,6414
27099,17990
26381,23153
50357,21953
86726,11367
2225,8224
70479,5585
22059,14252
4830,9623
41059,19690
43814,24002
6976,10368
9373,2214
66676,16281
35636,9980
33753,19148
15314,1641
85716,29577
381,7111
25016,2774
13207,4895
1,2459
20135,18962
74676,10865
46365,15363
297,30455
855,29354
3205,1344
13683,4851
44177,24055
73912,10336
18121,12609
4590,3691
9973,19035
28472,13410
42673,8126
14644,7350
11081,20917
29387,14110
12395,13255
51625,3098
37842,18516
20418,29547
49082,11433
23195,10957
21647,28028
259,21162
37023,9340
68450,31940
63121,31432
3186,24337
80200,25854
1435,5128
9853,14120
372,20186
56403,1747
34212,13368
6853,15786
283,6122
27965,18974
3798,24046
71085,152
61021,32669
54,6100
79536,18875
35447,28003
3171,17166
50470,14404
23006,1875
31970,16098
6706,8223
6397,1847
26830,19892
78519,26304
801,7925
41266,11044
1624,21727
1661,22638
60203,30950
5112,6857
25915,7275
3795,1243
8816,30254
57541,11025
113,7731
77585,20123
31543,27228
1412,1907
7401,29686
57900,4879
83421,10501
13069,11468
39877,476
41372,3642
70529,27267
68672,3978
10711,13958
84909,2162
9651,9975
77647,18776
20962,20805
56156,1489
20024,1839
9615,6911
425,18426
36346,11386
11534,5964
67424,33242
49548,17270
44156,29857
3,21558
20717,32187
60447,4749
40175,31115
48627,27741
73055,19195
1932,17570
15029,27150
2842,26612
15614,16963
7764,18314
41576,30273
16138,23934
5343,29453
2765,20923
29603,7394
71875,23036
43512,19059
3199,3887
55119,23618
503,15724
788,32145
37492,950
54192,5887
77841,22578
20484,13759
17,15847
72318,14112
352,19051
43536,10278
8407,7886
40457,16133
6738,8582
1443,13818
7106,1675
17217,3722
29205,5693
19103,10271
298,21501
4939,5010
29952,12539
5579,4676
3852,21643
287,5072
86158,7619
272,15397
3776,4022
37747,18966
23640,24645
6070,2522
14388,24261
32249,3169
37022,6
63520,26319
35861,4003
4474,11830
4902,44
59986,20629
196,2060
5892,27989
26752,23674
61060,25265
38,20192
21884,8343
23383,14766
7127,7727
73135,29626
1661,22638
16948,281
11425,6086
58349,11908
5113,6854
39693,12080
55060,15216
48918,26332
2019,33078
36430,31602
1136,28497
78172,14986
585,2971
33446,27271
74089,12643
3905,21805
47603,24712
69956,123
10,4994
9059,29339
10908,7265
6132,22630
15,3131
154,23018
4125,4485
10591,14048
39229,2599
1292,23652
81021,2163
43937,12886
38169,30260
7215,31578
27438,10135
48820,29665
13808,19115
37863,26540
474,670
51365,3602
86259,12421
2358,32166
23091,13470
8833,24799
75461,1358
4963,18290
4790,17063
63000,13147
24749,24189
8276,2255
6545,31101
571,2238
39092,4188
41264,5234
63677,3463
2505,1962
75112,16716
85217,32966
33374,19672
41055,15711
12550,17383
495,14031
77280,17308
7054,24167
1465,7696
1787,20311
545,7213
22298,2611
1757,33478
47484,25152
57849,2563
14184,8509
62680,17861
13927,24763
15392,26487
27238,1893
27459,19805
10316,22249
4690,18792
52450,9521
14,10430
41650,30863
9580,9908
52209,2
12497,29395
2034,31573
34530,7089
29383,6885
4296,8112
72376,523
15749,2270
36052,6260
41432,29282
34492,8069
6977,7990
16787,5498
85248,20509
16025,14321
28,32801
6789,24563
8,21544
197,2828
25371,4551
11450,5974
14657,25449
29723,29554
81606,416
67148,19615
36653,16087
6295,3644
7262,23923
28548,17779
36762,17608
67634,1128
19885,1317
4037,12169
49991,33066
47265,21623
2,32595
42,16125
87031,17346
11972,27859
26744,15428
14619,25117
36595,5632
34795,21521
19823,7339
10577,25592
36020,21707
3133,29429
5729,6471
10263,23071
21937,7689
6690,20426
73521,27972
79075,21544
37574,20525
7480,26310
83983,19718
5862,6342
14784,29280
71561,2204
65960,2017
70064,5234
1082,17042
32383,26650
5375,3887
4868,10058
27991,5094
37067,24451
81140,9751
3382,4722
3211,3952
4,20425
6741,7211
9,10080
29787,27859
29221,13983
470,30728
11079,17787
168,18830
31312,26251
28859,4393
3384,1583
75608,19822
1162,7268
75358,2978
51843,1680
15928,8554
19035,4179
1581,3410
67153,5101
38422,15627
67595,32682
16753,26819
19313,8608
1315,15931
10752,14855
15127,15845
2874,32599
153,29403
80811,16723
2001,21462
417,10601
14264,16255
60335,28250
74436,19154
41472,18629
9794,2413
30666,28814
4939,5010
1,2459
1,2459
14541,19365
36507,21971
28676,3708
3149,2347
77095,11932
105,1968
53070,25278
2625,15069
8347,733
35878,2161
25283,21492
13024,9494
32,4280
23603,6438
7090,12960
2,32595
292,16243
6553,6568
86465,25889
1045,1329
13466,25696
59490,11517
23145,22483
55319,29526
12268,15288
42896,6431
10776,7196
528,17720
2168,1120
7026,21020
54179,18210
394,16626
679,4186
1868,10536
27082,8249
3712,25940
10,4994
5788,22959
66042,10834
13274,1552
724,9997
37792,9360
3301,22608
72069,5335
43752,31211
81508,29341
51650,28278
261,4055
29732,22588
35435,13301
5940,239
2995,6024
5346,4274
80748,29843
5150,22233
26544,6226
5,26051
61719,7291
38878,14568
687,10469
65126,103
20027,1104
50817,5408
41169,10674
54364,14982
47246,11027
36133,25430
48982,32712
1608,7686
26830,5723
78233,5753
7206,6330
75,7238
32656,26007
5026,330
22407,7882
64713,23434
43264,1400
67402,31256
59732,12667
70541,4771
62965,16030
38923,6461
30445,7819
1812,4459
41387,21376
34219,17131
1796,276
20061,79
44044,20069
553,18555
12593,11395
61674,5117
9948,6971
10236,17722
30174,25034
13852,10612
8545,240
8982,6707
72664,25240
82063,5906
58789,18336
10169,12132
57729,28445
80849,10045
79071,20580
12154,10207
14025,21513
39019,6180
73275,11967
9408,14732
423,25495
35372,3419
91,3564
8005,23450
2918,8624
30338,27234
5486,27273
50779,12149
1944,2335
66527,8362
30147,31511
57179,29071
31691,24900
42026,8937
65999,205
16857,4065
345,2535
33102,27451
21751,19038
40371,18636
37839,17370
6416,14759
78415,21166
33329,3198
44855,20232
32094,1080
55485,1806
68763,19627
5040,5658
71308,15104
1,2459
430,3413
124,7310
0,21246
19332,19727
4666,12526
101,1317
16970,17277
10537,17307
13234,18324
70056,13539
37001,17123
26469,27788
5172,16281
18919,13058
442,18069
83678,9782
439,4139
20807,22591
12695,30161
50,11219
1423,29726
8,21544
14954,6575
53199,14870
7651,33467
6538,17276
9752,6418
16255,238
69901,12957
28,32801
1535,19202
34565,22145
9,10080
4755,18782
1335,11619
10840,23367
3657,8495
10666,2920
41394,26776
21453,1917
17119,22370
6962,12252
13312,14395
9182,16102
40043,18236
11293,28321
34213,852
71548,5448
26518,30131
9999,26567
188,3041
24777,4603
43848,7042
189,14893
1428,22533
75149,4300
436,4438
84881,10920
61195,31911
10142,9371
19416,13192
49418,6643
11958,8080
752,1162
439,4139
753,560
35556,122
16631,9805
30216,261
68007,10494
72263,11936
26049,13856
80625,9435
19058,20522
10185,10553
34482,22455
8090,662
12494,730
7094,28971
2160,10292
14866,10049
70518,1213
766,22606
7853,4729
46697,26258
8192,28192
10453,1435
4034,24225
4553,18275
9248,27885
50470,26299
320,1663
5335,20326
23216,16137
601,19780
23617,16403
67172,12336
587,10097
25136,14734
27205,420
39891,24375
27348,14847
4,20425
20426,5105
32567,23592
2442,3335
4266,6547
68723,31481
54814,24188
35912,12499
31826,2966
43170,8045
23542,3477
4417,2995
58948,16761
1086,8473
3377,9803
69547,16245
263,10413
83908,9204
1801,1870
84008,24097
57258,25440
11947,31248
11152,23114
63303,5539
632,16234
7590,27170
24403,17492
6990,8086
64194,3826
1637,14008
19414,25645
20486,428
15925,11162
9823,10820
22464,28648
19604,24661
3018,5965
24614,1404
57853,922
64250,29049
1603,5500
2876,1183
17539,331
28747,17727
46927,14151
24469,810
77850,3949
30553,33468
35,14422
6428,16341
28912,18157
106,21244
7353,686
3113,570
50648,1395
53971,5968
41268,521
4988,3625
71956,697
84173,5186
32877,28317
10109,13043
36192,5290
27200,14459
39698,10922
15671,12212
69710,9528
469,11678
12747,16376
51995,5650
1676,19111
6646,12780
25046,4119
6348,19476
1310,11748
4032,33458
4065,1694
163,14118
216,11096
8841,26924
37669,32513
41583,16223
0,21246
961,6450
19012,14759
2481,2891
556,22569
2837,16444
2685,3484
51382,7288
24288,12560
60387,13966
72993,5892
4647,14968
78,19776
712,24058
56311,86
5744,11075
34616,13598
47961,17167
57076,21470
19214,26639
0,21246
74511,3605
203,9306
26870,21772
27753,16980
3406,2223
74440,26249
404,2245
41228,5084
3633,5478
18274,2506
18308,28536
45970,6838
4755,18782
10501,3285
63544,4471
50992,29673
3611,13942
56419,24389
64610,21491
12892,4323
7919,6904
23145,32857
7604,11243
17060,7810
374,24607
27358,9817
17276,29478
63415,19093
2865,11611
6875,6492
1907,7839
75448,16821
42628,4987
38569,24041
181,13820
22022,3874
56269,17843
59296,15529
81893,9285
58693,405
52271,8881
55016,19936
75560,4141
67802,24478
3676,11499
13981,26510
3987,28361
6445,12696
65159,4553
27951,14885
14478,3582
10415,10978
10662,20931
17288,11689
1325,30929
248,21072
2261,6157
8520,21037
51788,1480
12053,2728
12967,17056
70964,13669
4536,15107
5026,330
12088,21422
3462,415
19652,11497
10789,26046
220,4598
33078,23715
60096,25847
16081,21526
7768,1062
159,12979
16624,21175
45154,1412
14653,19173
16939,31479
59786,1963
505,1324
1197,907
79833,3684
5951,11299
71241,17173
16895,148
415,29292
802,8145
7778,29901
752,1162
13772,6964
18835,24687
73032,15251
1185,10304
19597,27489
8200,6257
61522,17365
882,24234
77230,30767
20156,3844
2108,7901
1117,11931
782,11935
17993,14745
79191,28984
2066,184
4826,21658
13001,2944
69,11870
54401,32378
8839,25295
26088,3069
13808,8684
31575,32527
85514,13770
50164,3466
11003,25328
41105,14922
2105,19284
76296,19803
27172,9453
69276,15428
53182,4647
69306,7320
26688,24411
24728,839
14856,32231
62370,19987
4434,6465
39043,963
72741,24447
824,11983
485,30793
81987,1116
2,32595
25631,1935
1025,3981
13199,12482
20758,3662
83898,234
14661,31126
5422,1396
20273,14952
2307,23467
15546,6046
60285,2021
10713,25786
4941,794
13,23133
32547,30372
1680,6079
1277,9025
13798,7128
9070,11648
35652,20976
19062,11271
744,27235
254,5816
38786,18505
40878,4065
22810,476
7518,3819
288,29485
50146,22279
60423,1753
8199,6305
84310,31161
65352,10658
7697,31543
73491,5557
2924,32784
228,1740
2,32595
12549,28351
84414,23032
58948,16761
19451,9279
39052,28948
42934,11103
2521,31447
61417,20526
57946,20082
11889,27807
7,10478
31035,20138
74348,7254
10172,23527
2502,32897
625,2552
21844,23749
3222,13484
47061,238
6364,7529
72851,3651
6488,18782
26909,18587
80873,103
53944,9882
64398,24504
36008,1157
13999,23387
52140,28311
23505,11078
79653,31119
3988,15706
72246,26800
13900,456
40266,25521
41379,30411
67248,5553
4153,28786
31694,18488
23529,17438
148,9846
11668,15346
71313,29216
40525,21242
76908,5757
52184,8872
40708,3731
437,24123
10035,17118
2672,4483
7142,8633
19451,9279
26476,28423
80398,22889
72154,8818
1853,33417
491,9254
58240,16081
9839,25636
69808,14243
77759,925
66,6479
41929,20696
8165,418
6670,22123
79845,11743
177,10407
33534,6486
13149,1246
24968,883
62665,29292
837,23030
84756,8958
27976,11806
52329,11474
26349,12026
31725,10617
74360,3655
95,20355
47192,25491
126,7752
55783,3246
865,9799
39624,14033
8324,5023
7162,2494
60832,22438
874,1057
29432,17296
1399,5814
926,15204
160,19974
23572,12036
64727,8965
53059,10147
16930,5049
7362,23505
676,7260
42093,28592
3294,32682
4078,29839
13349,5989
37512,13005
4032,33458
60542,12822
1373,6011
34,30069
35572,10865
47061,238
63253,16492
39427,569
35585,8868
10231,25361
64848,408
43233,16774
240,15593
21236,933
5826,30332
70926,2193
37748,16630
44711,7778
83368,15286
20640,18121
37389,20994
5895,6919
24978,15136
86287,20300
16529,16936
44517,25638
14100,600
49853,5495
28664,12750
4221,7326
10379,3667
67311,9248
4701,8757
35153,15497
3928,10413
87063,8924
86837,15930
5905,8096
85542,23178
28065,693
34394,10576
73874,14430
310,2326
25384,26915
861,3246
16821,7699
51108,29645
11724,23998
16356,23858
35055,20657
4316,28922
31251,2557
393,5484
3005,11508
31876,28551
18271,3615
19189,20242
25803,3607
3660,33325
21882,15039
31195,28983
56949,12209
9183,28738
1133,18727
68874,5152
27644,8583
13600,10768
22734,21837
2231,4315
25151,11222
26095,12928
13349,5989
11841,19061
2430,21214
47687,6144
1555,25404
897,9042
7584,4851
876,16702
58918,14031
2902,140
19439,2757
6241,3043
86695,11151
62080,4026
70078,4635
11645,21333
24392,18277
32733,27129
73338,16040
0,21246
55853,542
612,15456
33,46
66,6479
129,6340
18265,8914
24942,8517
7355,14954
41197,9588
2662,4090
19201,10604
87223,14059
5679,32641
7756,9005
1881,20963
30781,30505
43432,6842
73,13156
70346,1773
42144,24379
2334,21869
4474,11830
2149,17637
9756,4832
45951,9167
0,21246
31888,11994
27,21246
42628,4987
34762,2468
49143,14088
8581,2153
67857,16870
7944,10558
37882,2990
30951,24425
632,16234
13536,21218
15245,7947
13047,2390
1071,18102
16265,2447
2079,11405
14889,13587
5146,2
43033,12149
66372,16473
46936,13948
3939,1123
99,27922
14935,20648
7758,9451
56823,12337
6,26919
7030,6570
2740,18798
6158,15493
38773,14823
71522,297
44834,3450
2621,16198
58932,23912
76675,7924
9422,1250
4317,19763
4554,7302
670,31923
29147,17351
21832,6737
3815,29726
748,10726
78092,18678
1906,17587
4422,4037
3636,15023
4580,26115
52429,26485
35868,9305
61387,9489
7251,8670
109,2475
85860,8675
38218,15604
70626,7089
480,26377
49904,6169
21,302
3857,8884
35428,4221
50468,32970
193,4318
14038,28522
31516,15171
62579,28839
44,4862
33155,10980
13179,576
305,26966
54229,711
6211,4869
14667,5994
52314,29878
267,16588
3637,23054
2365,2352
59436,17330
31450,18475
23534,12203
1880,19312
6667,3065
78923,26162
18293,4487
28114,67
79601,2437
2475,21913
19962,14529
1539,16151
27077,762
11061,2352
13415,6928
64953,3735
58261,9519
28950,12389
12504,2383
29487,20500
28097,13114
27129,1450
19649,14921
97,2451
17210,1606
6925,7817
5,26051
16663,21796
32509,11062
25861,3965
30323,5459
48829,31312
15883,1952
37853,25835
10048,7551
10131,20223
9591,14671
65955,3061
37573,17476
49491,6398
68053,10519
55626,32759
38427,13564
13373,13192
35499,537
15073,10633
35301,10655
86117,13109
14114,19695
1159,21803
7207,3463
28553,3145
86294,2420
3649,20775
12121,3962
44746,11236
13224,19790
21786,14120
10438,2798
27545,31975
3457,4854
31803,3703
15767,19393
63878,17665
13410,7954
61663,24212
1285,2321
46318,32764
6723,24576
653,3041
38924,22
10746,8611
41966,21496
1852,28802
46867,9239
72140,19086
45357,7295
13853,14057
63746,21452
20668,16722
72349,26785
59092,26817
4210,20528
615,11122
11,1257
23884,19825
62384,24645
6123,7489
18298,3811
3575,19899
39819,1009
7337,17298
40910,14437
74736,8637
17551,14299
14366,761
690,10554
2014,10330
45157,21642
13641,2143
78315,21792
14146,27014
8943,27242
776,20931
24634,2734
10474,15630
17858,33374
36165,8002
24759,19664
43199,22692
82325,8060
32467,1657
10405,2701
23,24858
45318,905
7989,14329
17785,5645
5489,21558
6206,3
2987,17420
3920,18091
18253,17703
86112,22955
3928,7302
2321,17696
9154,7035
1751,18443
12728,49
40382,22522
55413,11191
11936,3168
3,27601
14595,303
21387,5807
470,30728
45577,19910
238,2821
11152,23114
18714,23154
521,251
36418,29494
20540,30823
20879,25977
16965,4098
58746,12483
42108,4978
25223,10375
61239,6296
31851,29454
16420,24089
29968,20413
76064,8361
4807,12409
4371,21082
49981,8921
86587,2079
26336,16522
5940,239
31901,23510
48299,22334
12872,16787
4401,24364
18216,25965
955,17839
30030,25760
40068,18530
56564,21504
439,4139
6262,4548
20506,20478
12232,30451
31075,5102
2638,17846
58649,1069
26123,16309
47358,16784
5898,26731
40871,8135
10486,17223
22549,7539
26249,23223
34197,16060
41432,29282
39539,13308
2147,4144
40106,8442
41340,5787
952,1292
7011,3152
7459,28910
4859,7894
56200,10913
14659,2407
51825,8119
1227,4866
53217,2252
85053,4537
39267,13319
610,10033
2581,21842
83652,26450
72,15439
0,21246
128,10742
559,27190
50339,30775
6831,31531
28309,25041
6,20582
76665,14478
52827,24216
47092,18918
1686,578
18925,13691
42913,7931
219,2914
2777,13413
30521,3469
70223,1312
150,31797
12725,18810
72578,1085
59520,14435
56039,851
43616,7814
14565,1300
2308,9625
13581,6608
54063,2555
54406,26213
2263,14395
26170,3665
25230,11619
2190,6640
8445,9762
900,27243
43339,15057
29814,3245
12974,6194
92,3813
2504,7786
19770,26608
29052,21992
38409,13125
43611,28184
4721,9565
3089,10698
905,21883
9051,16021
81416,8213
1936,28789
156,22833
6582,15418
73732,3160
49394,412
9053,30430
26,19934
9022,1045
513,25653
27902,4863
3330,14473
15787,16105
6074,6570
24422,4153
38536,26084
10907,2902
43099,17215
1958,26217
6681,10075
10608,5173
10121,4382
24563,24509
5937,5894
3436,4895
67370,22212
182,16767
26974,4244
2407,14096
1541,2549
13103,32
13646,32340
17319,28330
9556,8118
37612,26086
35288,21904
9013,566
9847,1159
4789,14837
18568,14261
55,17148
67,17480
42607,443
7974,23056
19292,24252
1481,20998
16127,32669
61815,6885
130,27276
13174,12068
3522,4514
77132,1464
55661,13991
50725,13410
1258,16432
4629,8643
1590,19533
85694,3099
2595,9127
110,25492
3314,11474
12542,3641
6690,20426
6463,321
39382,30142
13799,10788
539,6448
57302,14449
3959,6947
42426,10340
8374,8854
84771,19291
19523,215
66361,2566
1038,4
20016,17301
1046,27161
3198,8674
37809,23314
73382,1266
8055,11893
3567,2662
82076,14127
2988,55
21414,16946
14549,10227
9722,435
416,9
8753,5194
5533,3880
27606,5170
78409,25686
238,2821
18881,32104
49214,28798
3043,9910
2333,31439
84418,30107
71152,8071
58705,3298
32145,8422
84077,20888
19054,6519
26229,7127
1798,19964
622,10099
1218,14840
20643,9775
24298,1500
65369,32224
50,11219
1463,6451
1,2459
183,13578
31565,6654
74903,21005
7055,25106
1,27844
65707,31949
42881,9774
33718,24546
21,302
51379,7103
3529,22205
2101,24064
68,32226
10133,3486
240,15593
63941,18156
2435,10149
70385,2548
1854,1180
27695,22460
52929,26846
11939,25390
74306,21602
1923,3946
62999,400
76058,591
28283,23307
5778,644
56372,25245
84618,24699
9819,26557
7537,5446
23240,3116
41085,2527
9994,12547
3444,16080
66841,1025
68825,4797
2833,22353
7914,29075
7428,13810
31271,13195
14574,3690
26105,5022
32528,20124
75666,4470
597,1395
2375,2029
33955,5243
136,11474
10787,31630
3782,944
28808,20732
28957,16199
2623,10169
14251,6458
452,14665
3500,29076
26444,6497
56121,5121
77566,25520
3126,6048
68103,29635
82547,383
19121,28948
2040,3066
8421,19512
14094,13926
7817,11014
82275,11619
7986,7005
2230,13868
18878,7362
79868,15884
17058,453
207,14321
30989,13921
38317,26098
78126,18551
1174,25779
84132,11001
8915,9942
55337,29609
28882,28728
8,21544
4587,31817
56457,1966
3411,21125
22613,19408
55854,24325
55618,24631
33230,9642
74075,268
25572,3133
26908,28467
1093,6215
81117,2433
12379,1150
73838,370
12,24567
228,1740
54200,7200
12908,2515
21669,13287
29308,1220
4791,5705
2636,1828
72351,21295
77852,10663
10859,29644
7143,18676
59185,8439
62889,17339
9009,4035
22019,32255
1490,4634
6282,3343
23202,30132
5937,5894
26021,14417
18994,13916
472,3361
37541,1176
3584,9883
37825,20101
3344,6572
80778,18432
2,32595
37792,9360
9940,6553
19026,99
1135,28554
71906,26933
17463,3517
59043,18860
7402,5861
250,330
164,9467
37952,4345
36838,8937
208,636
8535,17857
47307,5589
27172,9453
63576,10327
81328,23431
61284,32546
81199,6
56735,14754
30877,26385
13879,16574
5146,2
69759,25218
1369,11156
19323,29516
9485,28150
52300,4976
3435,30405
1000,22780
35100,1232
1353,15200
31583,18201
4800,22024
37725,1859
75845,22807
71876,3245
54143,16288
25749,14659
60798,24460
69633,25005
64445,20416
22549,7539
28877,21915
19004,28612
26576,6518
83891,9649
109,2475
32363,23520
373,2681
12019,17377
87247,21530
13413,10635
19382,14614
80214,28590
62346,3596
64761,5086
4059,19114
59908,78
42922,3776
6108,12344
20439,6799
11603,25272
684,11024
8675,530
83124,16063
21260,10944
40315,15316
322,1812
5429,20121
10923,300
13760,18925
13669,19037
2095,8613
211,7201
18501,918
21187,1004
614,27441
83915,9184
19881,31131
13236,9383
71533,10149
5147,10007
6452,9973
7021,1364
1113,32048
31082,978
6568,22930
585,2971
70209,16240
79085,8843
187,12035
21736,16927
55865,19345
3757,703
63505,19782
37695,6347
23244,1574
31709,413
5508,5310
30900,31952
9920,10188
13829,9083
49957,26914
8387,3414
4377,12849
9536,12631
65625,28762
14216,529
14958,26215
83034,23524
375,10099
383,22712
58376,6858
33509,20457
50782,25400
1013,3967
62777,28381
16352,20857
4958,29589
35379,6066
53824,9979
141,6097
72638,4480
20006,27996
47979,22949
68170,2871
383,22712
35373,6806
2646,27831
6268,23945
30,2794
40385,28811
74588,19946
3539,6996
20725,11303
8968,10246
17767,1101
36883,185
51058,4931
541,27109
2017,4946
44485,19721
1904,19550
2416,7363
3312,7205
3667,4509
11679,7404
76838,22092
52471,11316
1408,13207
11023,30079
29400,23312
1432,21600
12808,2439
79286,12206
43404,895
1214,20655
10269,20191
19935,3274
10918,2469
63588,26219
42781,13882
44862,3698
71954,30315
3156,22649
1770,1157
10709,19641
6824,25028
76100,32709
2400,13993
67,17480
4844,22749
1591,9265
16929,1994
7167,16444
24905,1021
6276,3486
8767,104
4261,6643
42895,9122
41720,24636
57699,3162
40027,26619
32967,33307
74,19054
20429,10363
63,6713
19591,15067
0,21246
12212,29380
6155,19628
8586,12111
21316,11110
39503,15360
66627,7423
304,11246
7341,29452
14482,21956
19856,23517
46210,1448
73002,24725
32651,12865
14687,24603
301,20865
954,17713
46494,22017
13595,10325
74791,29980
165,7713
6211,4869
74791,29980
66612,17265
68,32226
236,28156
1241,3390
33624,6809
101,1317
20786,12333
4775,21624
58299,3853
50100,26007
72190,21814
18130,21356
48866,9675
101,1317
8610,13406
3950,133
64235,1835
1653,11924
9495,6467
3939,1123
49603,11563
50877,14083
23079,13463
59373,21453
3225,13776
44948,9934
10067,31200
2162,13619
2208,26761
3728,27909
86555,2511
15501,8236
3751,8020
16920,18650
60983,8012
503,15724
65850,3091
62129,8263
1264,21301
2739,10466
67153,5101
37735,29044
79537,5615
10398,31355
71112,4307
1674,14433
5754,20721
61539,6109
14972,18888
37839,17370
2329,15615
3,27601
84743,5070
436,4438
68044,3232
1460,23872
3600,986
4960,1253
259,21162
49619,32374
41819,24151
68120,4492
28785,802
70434,8749
7693,32953
2662,8958
32686,24956
28435,15968
47795,3268
80824,17283
2819,18872
64621,9993
84050,10060
23534,12203
3095,29789
26835,5290
9751,20777
32087,2284
12305,10325
58109,7436
1580,14903
1483,691
2498,14705
1341,1429
15510,21113
57359,4427
708,25636
45,2761
1265,12038
3344,6572
1809,7668
26781,28365
60320,8561
48370,20797
62635,30193
24658,24268
26422,9831
21937,7689
28546,2596
36209,10108
2994,28269
9,10080
39,3847
7889,6501
9269,3794
1796,29008
3191,9435
2474,9235
456,18441
21012,15226
58186,6021
19476,25940
7257,554
57984,20428
571,2238
3158,919
40641,13259
26627,22529
27523,4009
79664,9412
26576,6518
35897,19728
12652,5693
6538,17276
73589,28003
66539,3550
15461,4712
18055,22418
11130,15914
13337,14811
51262,3906
69247,4019
278,4818
11461,25880
46305,1915
55289,21998
73711,3192
19825,2131
15,3131
7721,1552
20559,4888
19229,23700
1457,19710
2814,5182
422,25441
68998,29565
25049,6621
71503,14479
7010,314
1686,578
3792,10778
74318,88
710,3940
54448,31058
12735,9764
27473,4106
19934,3972
2842,26612
12377,4253
9218,15777
22942,5016
68827,23898
3274,18974
64222,14519
13209,5372
6,26919
86324,10713
45306,8560
22,32746
26582,5887
5123,16909
7,10478
23068,2358
4399,2449
16527,3838
24998,18436
43,10987
587,10097
69588,1231
57970,14647
63913,2556
2769,8233
13247,634
15851,602
62710,10370
35306,25849
16141,7320
53939,13865
0,21246
73680,10274
212,33149
3512,6288
19787,1928
78358,19548
73059,2768
4386,24836
6707,2484
1576,10738
1456,11469
78567,6692
6912,2927
424,29461
110,25492
1245,8580
38879,22384
8229,13072
5441,33047
31922,3137
6624,152
20455,1690
3400,15597
6734,12340
3060,27933
15539,3741
451,24760
30522,20193
45159,13658
65261,21873
44387,1536
30723,27359
41089,19091
1222,3186
836,8186
12531,28282
15733,20557
16138,23934
35487,29100
84864,6488
39509,20950
38223,7295
23007,8277
15539,3741
20253,364
17415,19677
9799,1105
83457,1835
80084,32340
5601,30766
9882,23678
9779,13537
124,7310
9393,31441
657,4160
30718,867
1410,31910
249,275
65630,8929
8282,27227
65319,26564
2475,21913
62035,23094
15122,9035
4919,27065
80103,3601
66764,29984
64654,27834
43431,23159
427,31138
19667,9936
43389,8590
79246,28764
3075,21898
27741,10740
11388,7416
42158,12479
1878,7251
33892,2051
1625,3558
2638,25634
40198,1458
31927,13853
19587,6387
7136,1119
48163,14801
8838,12509
6581,12521
17078,5771
43955,22646
46577,20808
36566,2697
80582,8432
19688,1587
86258,9654
66166,12519
39888,32189
34077,14975
7207,3463
44673,1805
42383,22782
696,10302
3,27601
32233,22856
20083,15370
81486,14686
77260,14431
3882,9082
3788,5349
2750,12403
30322,7451
2692,14995
52834,22686
17033,25136
31314,5241
5215,22351
54669,27051
54100,31982
24593,12622
13581,3146
73111,30276
5926,14527
15117,14352
731,12829
2918,8624
50283,11637
18442,6404
80076,3252
12200,15525
15278,7839
12697,6286
2905,22080
21149,15636
7693,32953
10030,12158
16431,1678
8310,22055
11,10097
96,26033
123,29358
4885,16933
6060,15370
76975,1735
22077,13003
34383,31195
162,31850
63500,19603
14811,16760
52001,3557
21583,31422
2916,2312
10639,1610
72421,7038
57699,3162
2974,20703
25084,9881
10,1773
65146,3146
24854,28145
28502,13367
16,5346
14,10430
74349,25857
966,15072
1101,1427
60421,13316
7,10478
40827,9215
460,24615
17063,28102
34268,10648
2437,19835
35375,19010
5227,7040
32041,27442
14564,16575
31799,16991
85405,17475
48816,23703
2001,21462
1726,22058
12358,13889
3309,15563
15544,28765
16081,21526
1309,15528
2550,1603
6,15372
53270,6582
76044,13902
25461,23150
5230,2200
2416,7363
43219,19038
45268,16051
61427,15452
3270,23323
4032,33458
78344,4993
4756,4336
86952,4110
1954,20624
49530,25734
38619,2298
1552,11803
9538,17388
30229,7614
63834,19255
7653,8480
23816,4626
18488,11194
27401,11380
12396,3249
25902,19
90,28864
49344,86
33408,5031
2209,20897
15814,21849
25998,5597
10928,16723
1869,18026
0,21246
38823,1225
17807,33339
14393,8277
671,26851
32314,28369
71681,1441
56565,4668
12707,5859
19305,16933
2380,4314
31227,24113
38809,14966
19,997
10,4994
28474,28032
4241,23506
12183,964
12493,23627
35612,20132
9741,8961
2250,30678
43094,5732
0,21246
79,17861
36417,12018
25459,20190
18695,14542
43988,33357
1756,116
49805,15943
46867,9239
55428,10628
62048,19744
14136,17298
66119,343
17072,6106
38909,28592
23654,9319
17,15847
22860,6629
10269,20191
116,4337
11019,9732
2994,28269
6587,8759
262,8458
56432,7204
69281,21534
61283,14330
522,11504
26361,6608
62894,5812
22768,2987
89,6932
5381,15115
15165,31444
58984,17441
0,21246
51020,24174
1190,15870
54,6100
53845,15450
8084,18647
15437,26341
24546,26742
82807,10849
2473,33505
27961,10887
118,13658
10268,23742
21166,22568
40881,8672
28206,10752
6415,6580
7641,22265
49123,27271
2297,455
12870,14182
17070,18460
74649,9882
30695,1191
39369,4317
402,3717
49665,65
16662,28675
6039,675
58398,19084
1055,7297
727,4628
33763,11744
24033,20832
17667,22228
53791,17271
4400,1336
14492,13740
23100,23337
433,3758
5666,23567
247,4537
3858,18415
745,24804
58675,14552
68256,1517
21038,32655
3412,8940
40288,601
69618,446
11647,26272
11231,13845
12206,578
12047,13678
19559,29548
3433,23633
19157,17925
29190,3612
81703,3960
10554,31272
30109,18385
23844,14165
11741,788
50425,6157
0,21246
902,1211
82299,8900
1417,4458
58331,591
42129,6346
2062,25466
47071,1217
6778,28055
61513,12344
72340,4464
33299,16136
75649,69
6495,17786
12838,27695
12307,27987
16506,16965
6690,20426
45834,29632
20504,32608
1470,1799
72384,8628
23486,26205
16739,9399
55653,31352
980,24855
5175,16017
316,24008
9878,21
15288,31938
17137,23433
43766,22505
11101,25584
46701,4111
4223,23427
58675,14552
23837,21734
2520,9798
27004,977
74673,20227
2347,26631
972,9087
30307,7068
32595,15696
80553,19695
45051,7496
12077,17797
72,15439
3499,426
81558,12631
39790,609
33505,25457
14239,2230
24039,15190
2927,17678
57297,4148
86285,14373
1591,9265
79522,32338
680,23643
592,5333
71715,23018
1616,22277
6761,23951
4280,12035
47006,16521
748,10726
4466,5671
14286,18099
13080,15276
61415,30297
59872,17813
37537,9017
8691,28887
9610,22599
60537,7951
41711,1240
16708,549
824,11983
21718,28213
36139,32091
3594,4195
75360,10349
316,24008
322,1812
51726,13903
71145,26919
33167,15585
42138,9955
64219,29546
52950,33312
31680,1411
62743,26622
7626,2392
41,32868
57922,32142
1411,13943
17506,17537
12519,11243
86202,3957
21385,10293
6249,9959
1294,29458
37178,23275
1968,1596
11710,13429
58928,6813
37561,17406
71448,1319
68342,16579
5442,5784
5783,1068
66219,1942
50767,19547
103,15009
63028,19675
53646,27050
14442,15195
15680,8684
421,1978
16317,13899
75052,20579
58703,2060
12415,21624
79554,4512
16238,27768
69356,1945
49316,13042
18487,14889
5292,27591
77242,11938
96,26033
18447,21653
3010,856
5768,4609
21470,21850
9931,27204
21918,3145
4319,4255
48252,21248
49611,711
7564,5127
1448,21060
10308,31720
30153,5747
2427,22665
3183,15607
99,27922
13203,15273
16076,11596
83944,2163
29766,11059
12189,7224
41989,15760
13863,6439
13797,15372
66938,2756
13457,11587
29267,8184
17434,14093
16803,8436
13223,16074
25118,17628
954,17713
25896,18652
2,32595
44417,23700
48491,8066
33597,24287
32433,15911
1118,7238
56275,3840
35661,9953
42841,2559
21403,3679
50974,19626
70807,6643
30344,16205
4127,21748
7523,23774
47648,21587
27603,14291
25338,7300
2,16168
9147,32477
26660,280
9338,16687
15252,13997
793,7410
1008,20622
42639,13746
39741,18875
66608,4407
23615,8958
7557,18237
43958,18657
32670,27742
7575,12497
4809,7581
271,14256
53171,10570
1,2459
5776,994
244,10230
73824,7930
222,6122
3871,28669
39762,8036
22435,22820
81394,10717
2905,22080
14991,14305
77088,15706
64011,15756
71991,2990
755,20240
14516,32531
9191,32824
205,17917
1793,13292
32285,28994
74117,5318
77559,20533
5496,6805
30242,28351
16794,24812
46662,11926
10678,26768
40576,17297
40,12644
29038,3184
85990,6293
9313,10940
11081,20917
14627,11533
2092,19583
43193,17676
865,9799
1337,2563
23093,12792
24644,214
22918,7302
85114,15502
20720,1809
1710,4919
78544,13478
4394,5825
130,27276
59656,23741
5210,842
36365,8412
26995,9703
34565,22145
68873,28287
19532,159
2730,21490
6941,3415
7289,10903
37467,3581
17170,1117
63337,4355
2393,31998
65041,23307
82782,4538
46118,4447
36093,9843
13617,936
7546,12821
7275,13449
24213,4808
10000,26680
16629,5867
1793,13292
72023,17915
70632,15396
398,17121
3936,5138
38962,18634
22879,24605
8843,3601
71727,4942
82333,3002
638,14555
22353,19833
81229,13796
69098,44
22156,28239
55966,12938
43684,29075
52407,787
8,21544
1556,11023
72148,31990
32788,946
16753,26819
41963,27303
6840,3851
50882,5883
85003,273
9643,12124
34139,30832
16760,1782
32583,8305
78515,21337
2267,11313
7350,8382
12284,24292
8968,10246
10457,27163
7572,8914
48722,29205
81735,12114
3065,7748
19527,21488
13196,27028
7546,12821
34529,1818
11879,2637
25950,10662
72635,31507
3687,478
5828,605
21836,5649
19517,9072
15599,24318
76327,13956
18,31837
64339,12192
53990,15520
82684,296
26694,20706
16609,5435
45057,10117
3592,2301
37884,1475
8831,16972
24945,18095
85004,28608
71679,1850
660,26339
58,14087
71186,20451
53656,1851
78880,4156
260,31975
53883,4955
11624,31117
2316,11398
30367,25160
3335,25708
73072,5888
6528,11728
58782,12959
52128,4804
77050,5031
20493,4191
3614,175
10516,21388
1632,9446
18576,14526
49441,20374
72639,10677
39486,22396
22480,8246
15297,3628
4912,32341
2840,2791
51958,30934
18415,8343
30473,6707
22336,26614
80303,21748
31961,27747
8712,10143
31722,201
65643,675
2835,14393
33963,140
799,12952
21309,19604
49935,27242
56195,12204
22800,2692
56929,6337
3,27601
24933,4220
30340,20220
85497,27132
35258,6126
17414,17648
66577,1953
30824,14682
76755,3567
37856,32433
19638,7197
8,21544
47690,27752
588,28944
30990,20637
8540,15790
16059,11805
955,17839
58406,18448
20849,25763
77840,12050
2613,1351
449,2479
57482,1633
5552,23959
33471,22575
1805,10093
82038,27929
32054,19678
63277,3527
9277,114
15522,18858
63509,8577
81670,28435
6476,19493
10821,964
86848,13759
42111,1314
410,5333
26705,5427
12051,21568
6986,26513
36677,9870
69968,25944
27,29405
40707,5247
3531,26391
28446,2877
327,6480
17667,22228
554,1121
1741,20912
5928,6866
29063,10368
6599,27030
24529,11757
80722,20797
43618,27799
45,2761
33995,11848
48958,11287
74105,18648
53536,3587
26057,21529
131,156
21308,3850
74982,51
26752,22501
38419,7422
28855,25123
17999,16894
34244,1228
5831,957
44714,25506
9724,8784
2453,1520
83348,1883
38371,15803
2022,32403
16535,32922
29923,19884
30063,1948
10951,3745
30371,24877
75374,11144
55099,12990
8131,21201
22508,113
29288,20116
989,9648
9783,19662
50791,11214
37279,5552
74524,2042
74416,3560
68077,16024
40460,14026
4376,3866
11259,13171
18847,301
60442,68
44622,1278
143,652
72,15439
26506,5078
36437,2972
25621,1511
60720,19929
9501,22455
1644,6112
255,5970
974,18676
5006,21798
30907,14877
279,9587
1015,421
159,12979
19982,1417
33159,14413
9070,11648
21451,1130
7461,12625
78041,31262
81846,3936
10592,10295
54949,21847
1012,21924
6263,4721
13972,6694
68750,29119
18778,557
19616,11544
1033,16492
47421,14228
83164,29145
247,4537
217,3213
1269,19116
48375,23012
55125,5908
30186,3224
19679,10325
39274,29365
3885,16366
776,20931
72695,22286
30,2794
51685,23592
11196,1765
5461,17451
59839,18522
22216,31751
8593,7193
26423,1959
56681,461
5425,1483
11660,10815
13679,19147
34173,3878
67594,24706
14638,28997
16,5346
47500,17125
38892,5060
73,13156
85711,7244
14096,895
67197,21667
7884,32908
7483,27233
19380,18072
1185,6470
2,32595
77509,16700
1093,6215
48972,9734
82343,2646
10787,31630
2702,3622
56141,14878
9021,31
75802,21917
22463,12794
34131,16052
70429,10128
3045,31650
666,3308
3806,10305
20283,7054
19386,8557
4538,17748
2497,18312
57774,4862
79,17861
46335,26291
5054,373
6676,26727
670,31923
37945,6142
32987,19084
22274,2521
1156,17199
29318,10460
42,16125
43245,31605
30615,26278
1,2459
45401,6818
24946,2117
76459,6407
56589,3842
71191,10931
9933,27164
16686,3636
85185,23647
66957,24560
35862,11051
9976,23825
70762,2103
26724,32252
4649,8501
73116,7790
51691,24444
33943,30073
20558,14243
11125,29079
1715,20724
61546,32782
56772,2500
52082,27124
2593,10752
5358,11739
85592,1397
320,1663
57502,1598
30934,5804
23091,13470
10559,15139
109,2475
636,31311
644,26960
75665,29072
84807,16416
86544,11362
83576,28247
14081,27615
3850,28045
626,23530
82,5446
10561,3391
5471,5482
40430,23774
80643,6625
36,12684
14183,2276
17830,26491
38514,388
38149,10797
9607,293
5302,24683
43816,1586
6784,11455
43897,27952
681,5455
1630,25589
44505,550
57339,8358
17889,11728
16714,8227
2808,15490
24169,2918
26015,8157
59727,9963
3895,6470
23722,1804
73682,13082
25435,4317
59589,24042
32216,3283
67123,2722
23302,32764
28304,17960
6370,31910
46791,19410
32295,3410
38,20192
6248,14759
8626,7214
375,10099
51932,16911
30375,26506
918,9546
21557,20634
21172,14869
1651,11669
6733,10149
3526,25896
60900,7731
24202,14790
63962,19962
2221,12105
82689,11865
1968,1596
75631,173
70836,1107
3889,29777
23708,12571
8717,28042
1,2459
35096,2843
9765,18357
3256,12798
2666,567
19133,22689
77874,7766
455,15049
15667,4662
0,21246
8442,7046
19748,1810
53751,18187
525,7178
2249,5728
24415,47
42665,29542
1056,29873
10625,994
4338,18179
5221,24034
14293,22865
23569,3021
29601,10394
29921,16056
65817,20219
2969,9335
108,26129
5007,10510
23124,7117
4351,2417
9655,24815
23676,18213
83889,6986
61520,8583
67027,19471
64293,22411
11928,11956
353,12175
738,15657
125,30400
6380,32992
68,32226
8678,11859
68973,13190
3496,12141
42253,12853
47493,115
37520,6002
15322,21246
72152,4303
8,21544
10356,21320
46901,4130
1,2459
38424,504
10983,22554
32693,1038
45939,3048
14991,14305
461,24927
6517,7988
57215,3755
2738,5395
686,5297
30861,14202
150,31797
26398,23343
634,809
5004,19390
498,117
655,11763
80999,20293
66502,14146
8755,3565
10582,25891
22610,12080
522,7838
27251,5559
14536,32474
86008,7131
509,2930
6254,28910
53006,22300
26359,11862
70438,9
3292,935
9185,10107
669,22766
3282,24946
74611,10735
22920,4221
72772,1334
5502,28766
27121,5845
60183,7031
2066,184
12090,25644
54985,31916
69392,23287
23646,8788
952,1292
54435,10438
84572,3328
82657,3912
537,11048
52853,16131
54746,12893
12990,18681
591,6879
74028,24659
61605,10117
2826,6013
11385,1234
2572,3391
1273,11268
19982,1417
63499,11986
68043,8537
50854,15904
60819,24064
46528,5606
9161,25949
40010,25602
39809,12382
27440,31310
25075,27446
54948,18153
1850,10887
846,8758
59902,1329
1,2459
50181,2105
445,14122
7497,15036
47043,9666
58905,1518
67826,2716
40027,26619
635,22048
51069,4251
12640,15741
38884,20246
7290,3337
2805,28708
3723,4954
46133,11030
704,6472
20902,23495
61225,3020
4552,15107
24591,14018
32253,4063
69113,5128
73862,3809
47314,18670
82451,18052
33298,18117
80072,1903
40928,23943
5962,20422
4215,2124
86561,5637
7083,5596
82428,29431
2797,16832
19457,28295
38479,29384
2028,1494
14963,6714
76754,18459
30353,2229
74165,21502
17250,8516
1803,11372
2864,15694
9280,1880
50944,5727
184,13075
5,26051
79725,5234
78954,12181
55,17148
27225,2678
46385,24781
10177,11129
67172,17686
7411,13317
33082,31258
17758,11416
73179,568
53048,4676
13850,2523
6734,12340
23,24858
51162,7913
56602,28109
18165,5117
30288,17892
27213,17835
22481,25297
1917,22946
56833,5562
2137,21435
50003,4331
12392,19075
20012,4912
35551,28726
28933,135
47958,27327
5615,10585
15625,10489
6,26919
68,32226
13689,8744
10907,2902
23488,292
11210,9511
2253,2097
8191,20994
28356,32748
24356,22128
42653,6121
26486,23731
16956,30069
29350,30541
16624,283
32449,7035
44039,3159
77070,6168
10595,30093
38761,8892
26491,8577
81681,31619
22184,6575
45435,15299
83128,18310
2893,17670
2838,911
4716,14662
39035,2738
50906,7895
35420,13
27955,295
61773,8308
2934,1814
22031,25049
54191,23131
3234,23255
27142,13933
3289,11465
67555,25380
5566,2415
310,2326
753,560
2657,997
2615,26604
32802,26666
42565,14556
233,26199
4121,6811
11895,21801
390,25739
15242,4521
33061,2014
23789,21247
14,10430
16992,6555
19337,6101
5423,7355
27596,28995
12521,16437
7925,5420
63,6713
21485,24291
541,27109
2677,30824
195,1602
13212,8162
23654,9319
1929,11751
19088,279
2355,18566
42703,15338
18557,25550
13436,11869
37059,14966
45437,22288
34481,11633
28,32801
412,18426
50641,26780
295,16477
18721,27070
38,20192
16617,19707
39210,3532
27039,23787
21119,13433
4869,7962
1997,20545
6890,30124
844,7667
79574,33324
19782,12797
14651,1945
35,14422
6341,6758
82848,18262
19132,14159
9089,22591
53928,12907
66397,24519
52728,12363
23331,8040
10510,22562
26802,29280
5382,12507
4585,14282
1073,28936
44363,25178
19013,9410
3257,13305
78918,4771
1766,30229
557,28280
73720,14324
1781,32304
8,21544
1003,5997
59290,17699
83352,12506
20086,8851
9478,16145
4271,10263
2268,31592
30050,25549
55790,16808
18099,3139
53815,31575
44682,25917
38846,21916
79,17861
10028,21788
168,18830
3812,19514
7792,4039
36680,13887
2193,27764
14,10430
27564,1006
4095,13171
74849,12473
1586,11235
48552,18302
667,20685
6243,8317
26744,25665
70458,12074
79177,730
34401,15038
57267,27371
3206,11577
25594,4556
1065,19957
38023,19494
684,11024
39345,6357
42435,16678
